RPM_Reduction_Percent,Actual_RPM,Current_A,Ambient_Temperature_C,Ambient_Humidity_Percent,Motor_Temperature_C,Vibration_g,Health_Score,Fault_Type,Maintenance_Needed
12.98,870.23,0.17,20.31,55.12,39.5,0.1696,93.7,Normal,No
78.68,213.24,0.843,47.65,70.65,101.54,1.1778,0.73,Critical,Yes
27.94,720.63,0.301,32.36,67.45,49.87,0.3818,61.51,Overloaded,Yes
23.36,766.39,0.138,21.22,57.29,36.42,0.1355,89.61,Normal,No
20.08,799.24,0.185,23.74,59.16,47.9,0.1318,91.2,Normal,No
3.05,969.53,0.095,28.17,52.72,43.13,0.2627,86.6,Normal,No
14.18,858.17,0.114,31.56,57.25,50.15,0.2151,85.65,Normal,No
45.33,546.74,0.483,30.83,69.58,66.53,0.4684,47.42,Bearing_Wear,Yes
34.16,658.35,0.362,35.44,67.5,52.07,0.2092,79.51,Overloaded,Yes
29.12,708.78,0.423,28.78,61.69,46.91,0.306,71.29,Overloaded,Yes
14.67,853.35,0.092,28.84,62.94,35.42,0.0787,85.35,Normal,No
82.47,175.31,0.843,45.47,41.6,91.73,0.9972,19.87,Critical,Yes
59.51,404.89,0.198,32.51,57.13,52.85,0.6153,64.24,Bearing_Wear,Yes
24.78,752.19,0.082,21.25,60.87,44.46,0.1322,86.19,Normal,No
2.14,978.59,0.274,22.3,54.85,35.67,0.1565,86.04,Normal,No
12.98,870.24,0.067,29.6,53.51,43.5,0.314,94.76,Normal,No
13.32,866.76,0.131,24,60.04,54.85,0.2486,93.37,Normal,No
18.27,817.34,0.166,20.72,58.43,53.94,0.1026,95.35,Normal,No
5.02,949.77,0.184,21.16,56.76,48.9,0.1543,94.97,Normal,No
19.89,801.14,0.282,22.82,55.99,33.81,0.3477,98.91,Normal,No
33.1,669.01,0.426,30.34,60.59,46.78,0.3388,63.19,Overloaded,Yes
20.65,793.48,0.246,28.5,50.54,37.58,0.1289,90.4,Normal,No
2.19,978.09,0.284,26.65,54.58,39.92,0.1842,94.01,Normal,No
12.89,871.08,0.28,25.96,64.88,51.29,0.1126,98.96,Normal,No
2.91,970.91,0.254,24.57,63.17,51.7,0.2918,96.85,Normal,No
32.19,678.13,0.178,27.25,50.21,60.85,0.5038,74.15,Bearing_Wear,Yes
16.02,839.76,0.256,21.59,62.93,53.07,0.1961,94.09,Normal,No
19.12,808.8,0.094,26.03,55.98,33.66,0.1603,86.02,Normal,No
0.65,993.55,0.084,31.56,58.24,54.15,0.1797,89.68,Normal,No
12.65,873.46,0.16,21.27,59.61,35.4,0.2359,94.75,Normal,No
27.28,727.2,0.309,34.49,56.5,46.16,0.3987,61.44,Overloaded,Yes
17.38,826.24,0.296,22.87,52.13,33.03,0.141,86.52,Normal,No
17.3,826.96,0.066,26.11,64.95,50.35,0.2346,89.59,Normal,No
34.96,650.44,0.482,39.26,39.57,78.3,0.3074,41.81,Overheating_Risk,Yes
72.87,271.28,0.766,48.28,66.68,103.08,0.7055,16.65,Critical,Yes
39.25,607.46,0.157,24.68,67.81,44.11,0.5606,47.53,Bearing_Wear,Yes
0.3,996.97,0.11,31.71,62.02,53.99,0.1964,86.65,Normal,No
13.7,863.01,0.164,30.13,51.47,42.21,0.095,89.87,Normal,No
36.06,639.4,0.371,28.01,54.86,54.19,0.3463,82.3,Overloaded,Yes
23.88,761.17,0.247,23.78,60.32,40.94,0.1264,97.61,Normal,No
0.96,990.39,0.275,25.54,59.56,46.48,0.3185,94.55,Normal,No
15.35,846.52,0.067,26.22,52.25,48.44,0.2037,95.2,Normal,No
1.04,989.58,0.071,28.6,51.08,31.78,0.0536,99.35,Normal,No
39.5,605,0.438,37.97,47.24,76.62,0.3815,41.48,Overheating_Risk,Yes
4.35,956.47,0.075,27.92,61.47,36.63,0.0563,86.23,Normal,No
39.52,604.82,0.344,34.31,60.62,52.64,0.2014,63.03,Overloaded,Yes
15.38,846.25,0.244,27.73,57.95,31.05,0.3405,96.98,Normal,No
7.32,926.79,0.295,27.22,58.74,48.7,0.2935,94.85,Normal,No
3.2,967.98,0.135,31.14,53.37,39.3,0.1796,91.59,Normal,No
15.32,846.77,0.286,22.89,51.82,34.94,0.3161,94.69,Normal,No
70.01,299.93,0.926,48.61,72.33,107.57,0.8261,30.2,Critical,Yes
38.42,615.78,0.445,33.11,68.29,59.68,0.4532,59.08,Bearing_Wear,Yes
49.39,506.13,0.584,35.43,40.77,66.98,0.4041,63.62,Overheating_Risk,Yes
18.54,814.6,0.476,43.41,60.65,73.13,0.3566,52.79,Overheating_Risk,Yes
7.44,925.61,0.191,28.27,63.1,45.91,0.2783,87.4,Normal,No
28.46,715.38,0.352,37.47,60.43,79.88,0.1847,49.05,Overheating_Risk,Yes
20,799.98,0.101,26.66,61,45.4,0.1064,90.33,Normal,No
19.59,804.05,0.189,20.06,61.41,30.88,0.2737,88.04,Normal,No
23.95,760.48,0.142,23.92,52.23,37.64,0.313,99.95,Normal,No
9.21,907.92,0.162,28.66,63.29,44.83,0.1675,91.19,Normal,No
17.39,826.1,0.051,27.44,55.33,49.85,0.0779,93.82,Normal,No
12.02,879.76,0.211,20.78,58.7,44.04,0.2182,94.05,Normal,No
47.06,529.41,0.432,24.86,69.75,54.95,0.4231,42.05,Bearing_Wear,Yes
8.36,916.44,0.246,28.49,61.83,42.93,0.1821,87.21,Normal,No
8.2,917.95,0.159,21.06,53.31,44.96,0.2707,99.98,Normal,No
23.33,766.72,0.211,25.05,59.54,49.64,0.0855,91.15,Normal,No
21,790.05,0.146,26.86,58.82,34.61,0.1587,90.02,Normal,No
21.05,789.52,0.158,34.97,53.19,55.54,0.4896,72.92,Bearing_Wear,Yes
6.48,935.18,0.157,30.47,62.63,34.65,0.2908,91.87,Normal,No
76.9,230.96,0.653,40.81,66.4,94.89,0.9184,29.18,Critical,Yes
50.62,493.79,0.206,30.98,49.06,62.54,0.5971,73.48,Bearing_Wear,Yes
1.72,982.76,0.064,23.39,53.93,36.17,0.3219,88.74,Normal,No
6.8,932.01,0.24,25.4,61.65,31.63,0.1963,85.5,Normal,No
22.51,774.94,0.467,22.51,60.97,52.33,0.5042,71.49,Bearing_Wear,Yes
25.33,746.73,0.4,37.41,59,63.74,0.1631,70.47,Overloaded,Yes
28.9,710.98,0.41,37.7,51.41,58.08,0.1995,74.13,Overloaded,Yes
38.56,614.43,0.49,30.95,55.49,43.42,0.4454,47.89,Bearing_Wear,Yes
6.27,937.26,0.263,26.73,57.85,32.87,0.308,95.84,Normal,No
1.69,983.08,0.227,26.52,51.23,41.46,0.1954,87.49,Normal,No
23.64,763.58,0.262,28.03,56.93,40.29,0.2453,93.18,Normal,No
22.49,775.09,0.329,34.52,58.78,41.56,0.6359,47.05,Bearing_Wear,Yes
28.88,711.21,0.325,27.28,63.92,55.39,0.2012,81.95,Overloaded,Yes
21.99,780.1,0.268,22.87,56.77,54.62,0.2816,85.41,Normal,No
1.63,983.7,0.166,30.91,58.08,42.45,0.0816,94.85,Normal,No
20.55,794.47,0.145,29.31,64.47,35.09,0.207,89.31,Normal,No
19.82,801.79,0.194,27.61,61.97,39.9,0.3245,93,Normal,No
27.37,726.31,0.404,34.69,52.92,62.14,0.3765,66.92,Overloaded,Yes
39.75,602.47,0.321,25.23,49.61,62.88,0.3136,63.8,Overloaded,Yes
27.61,723.87,0.504,35.83,65.88,77.05,0.3268,68.85,Overheating_Risk,Yes
10.44,895.56,0.296,28.02,59.52,34.15,0.3146,91.41,Normal,No
4.06,959.44,0.053,26.72,57.91,47.98,0.3171,86.19,Normal,No
35.97,640.28,0.328,35.73,65.48,55.82,0.3276,67.86,Overloaded,Yes
38.85,611.53,0.438,28.27,55.73,54.83,0.6485,51.73,Bearing_Wear,Yes
4.34,956.56,0.228,29.91,51.51,36,0.0926,90.22,Normal,No
38.01,619.86,0.412,31.72,63.63,50.57,0.6524,56.5,Bearing_Wear,Yes
24.48,755.22,0.209,21.52,60.14,38.13,0.2559,86.04,Normal,No
4.37,956.28,0.264,22.73,62.56,36.98,0.2429,95.41,Normal,No
12.82,871.84,0.126,22.55,50.5,37.6,0.2459,99.07,Normal,No
21.78,782.2,0.242,29.46,59.97,36.51,0.3222,95.06,Normal,No
14.01,859.89,0.078,25.36,56.91,51.61,0.214,90.71,Normal,No
24.42,755.8,0.078,25.07,50.63,48.5,0.3254,89.2,Normal,No
37.88,621.25,0.344,36.57,63.85,61.1,0.1545,84.07,Overloaded,Yes
18.17,818.33,0.126,29.95,54.22,51.82,0.0838,95.56,Normal,No
13.52,864.83,0.074,22.9,50.19,41.72,0.1404,93.98,Normal,No
21.89,781.1,0.425,42.43,36.68,78.54,0.4483,58.37,Overheating_Risk,Yes
14.83,851.69,0.273,22.22,51.18,35.99,0.2884,85.52,Normal,No
14.57,854.3,0.299,30.27,57.82,31.59,0.2994,93.98,Normal,No
24.6,754.03,0.183,36.37,65.08,64.88,0.6637,60.01,Bearing_Wear,Yes
12.94,870.64,0.158,23.8,56.52,49.35,0.2306,98.39,Normal,No
11.08,889.15,0.202,27.58,58.88,47.57,0.1212,92.69,Normal,No
2.61,973.94,0.146,25.85,59.78,53.76,0.2302,96.15,Normal,No
12.66,873.43,0.209,20.85,53.82,39.05,0.1917,85.68,Normal,No
15.6,843.99,0.419,44.72,46.6,72.23,0.2186,56.38,Overheating_Risk,Yes
31.23,687.73,0.222,29.3,45.17,40.23,0.4657,41.29,Bearing_Wear,Yes
26.62,733.8,0.351,34.84,59.3,55.25,0.2234,83.29,Overloaded,Yes
25.88,741.19,0.372,41.17,38.98,70.18,0.3276,65.6,Overheating_Risk,Yes
39.74,602.58,0.396,37.87,48.94,48.24,0.5184,54.76,Bearing_Wear,Yes
10.28,897.24,0.277,28.57,59.12,37.73,0.2971,99.33,Normal,No
42.85,571.52,0.35,41.36,36.79,68.86,0.1708,56.13,Overheating_Risk,Yes
17.16,828.35,0.079,24.61,56.84,39.23,0.0863,91.28,Normal,No
50.05,499.53,0.175,21.44,55.64,68.25,0.6006,63.75,Bearing_Wear,Yes
24.48,755.23,0.498,35.1,57.26,78.7,0.3644,65.58,Overheating_Risk,Yes
18.1,819.01,0.08,30.83,51,43.35,0.0926,85.18,Normal,No
10.55,894.49,0.124,25.83,58.66,31.09,0.0869,93.38,Normal,No
8.58,914.21,0.232,27.83,62.68,47.31,0.179,95.09,Normal,No
6.88,931.15,0.127,29.47,56.7,49.96,0.2967,97.86,Normal,No
56.67,433.35,0.301,25.74,62.47,51.14,0.5803,64.7,Bearing_Wear,Yes
47.54,524.64,0.281,23,57.92,44.28,0.667,52.11,Bearing_Wear,Yes
3.86,961.39,0.056,27.75,59.55,38.52,0.0715,91.14,Normal,No
7.78,922.2,0.219,27.27,55.47,35.45,0.3464,91.81,Normal,No
17.21,827.93,0.085,25.83,50.41,42.64,0.3392,90.76,Normal,No
0.97,990.25,0.058,24.66,52.4,30.58,0.2769,91.88,Normal,No
7.23,927.69,0.275,21.39,64.34,37.85,0.3165,94.04,Normal,No
20.67,793.32,0.296,23.46,64.42,39.74,0.1657,90.11,Normal,No
31.66,683.44,0.389,40.54,53.96,76.43,0.4418,50.42,Overheating_Risk,Yes
7.56,924.42,0.115,22.34,50.86,38.56,0.1311,99.5,Normal,No
13.94,860.57,0.137,26.97,52.09,41.1,0.2379,92.33,Normal,No
31.03,689.73,0.449,36.09,60.59,56.39,0.3052,65.03,Overloaded,Yes
9.88,901.22,0.06,25.71,58.15,35.69,0.3392,98.64,Normal,No
85.28,147.25,0.813,48.7,36.53,103.72,0.7624,31.77,Critical,Yes
69.65,303.48,0.951,49.44,37.44,93.88,1.1905,19.34,Critical,Yes
21.59,784.11,0.197,24.5,54.29,35.08,0.2785,90.8,Normal,No
12.78,872.18,0.173,26.93,62.98,54.52,0.1723,97.41,Normal,No
19.11,808.87,0.193,31.47,53.01,32.73,0.3062,91.59,Normal,No
21.17,788.26,0.273,20.75,63.25,41.21,0.2031,94.4,Normal,No
23.16,768.4,0.055,25.72,60.32,48.07,0.2578,87.02,Normal,No
29.49,705.09,0.354,34.87,51.97,49.21,0.3894,60.22,Overloaded,Yes
24.95,750.54,0.219,29.94,54.42,30.36,0.2714,97.51,Normal,No
18.51,814.88,0.086,29.04,61.53,46.46,0.2798,97.69,Normal,No
15.34,846.6,0.072,25.85,51.16,40.19,0.1721,85.99,Normal,No
23.95,760.47,0.378,43.08,68.17,66.08,0.4843,53.29,Overheating_Risk,Yes
7.49,925.11,0.069,26.01,61.92,47.68,0.0651,86.09,Normal,No
10.07,899.28,0.124,22.79,54.22,50.09,0.3288,91.08,Normal,No
22.65,773.47,0.13,25.72,53.39,46.01,0.3437,94.05,Normal,No
72.52,274.77,0.859,41.23,74.43,95.09,0.9247,23.43,Critical,Yes
15.62,843.8,0.068,28.19,53.63,47.85,0.2968,97.06,Normal,No
33.29,667.12,0.378,24.29,64.38,50.43,0.2742,67.11,Overloaded,Yes
25.35,746.47,0.37,20.98,67.46,49.53,0.4,57.89,Bearing_Wear,Yes
1.17,988.29,0.119,28.48,50.94,50.98,0.0511,88.7,Normal,No
36.11,638.86,0.347,23.63,54.01,50.41,0.3607,67.83,Overloaded,Yes
19.72,802.77,0.273,25.21,63.65,39.43,0.3392,86.34,Normal,No
35.31,646.95,0.374,28.2,60.82,59.08,0.1511,64.17,Overloaded,Yes
35.7,643.04,0.4,37.46,64.03,64.02,0.3256,67.45,Overloaded,Yes
2.63,973.66,0.245,27.73,50.72,39,0.337,92.51,Normal,No
10.82,891.82,0.164,22.51,55.53,39.25,0.0657,96.51,Normal,No
36.66,633.4,0.438,35.31,51.36,59.72,0.5417,70.81,Bearing_Wear,Yes
5.39,946.06,0.219,27.29,54.43,33.42,0.2455,96.08,Normal,No
7.89,921.09,0.211,24.74,60.7,34.98,0.3171,89.31,Normal,No
9.19,908.05,0.065,21.34,57.74,36.69,0.3006,85.22,Normal,No
9.48,905.23,0.134,20.23,51.87,40.34,0.1979,91.06,Normal,No
32.96,670.36,0.389,22.16,56.6,64.27,0.2798,76.94,Overloaded,Yes
7.8,922.03,0.243,29.28,57.82,54.4,0.0877,85.25,Normal,No
19.25,807.46,0.252,21.44,53.98,30.44,0.138,96.6,Normal,No
12.95,870.51,0.137,24.46,50.02,37.5,0.2439,99.61,Normal,No
37.71,622.94,0.304,36.38,64.58,60.61,0.2645,69.95,Overloaded,Yes
7.57,924.27,0.066,22.74,53.7,42.1,0.2742,92.11,Normal,No
25.87,741.32,0.444,37.08,64.63,64.83,0.2861,84.07,Overloaded,Yes
1.89,981.1,0.141,22.7,52.94,33.52,0.2367,96.72,Normal,No
33.13,668.68,0.387,43.11,57.26,70.82,0.3859,44.1,Overheating_Risk,Yes
8.63,913.7,0.279,23.49,57.05,52.25,0.2623,85.93,Normal,No
3.68,963.17,0.052,27.57,56.72,33.36,0.3374,92.94,Normal,No
6.05,939.53,0.175,28.16,51.14,36.87,0.2921,91.89,Normal,No
31.86,681.37,0.458,35.44,40.8,71.68,0.2232,36.75,Overheating_Risk,Yes
43.75,562.54,0.595,42.93,64.88,68.63,0.4862,41.89,Overheating_Risk,Yes
23.79,762.14,0.299,28.54,64.72,44.24,0.1279,91.55,Normal,No
33.9,660.97,0.311,31.96,69.53,48.8,0.3481,82.7,Overloaded,Yes
57.75,422.52,0.486,29.39,74.32,62.72,0.4485,56.69,Bearing_Wear,Yes
17.96,820.42,0.112,27.69,60,34.07,0.2195,96.57,Normal,No
12.47,875.28,0.053,20.11,55.36,53.15,0.1186,94.52,Normal,No
5.55,944.48,0.13,30.18,60.93,32.38,0.1786,85.44,Normal,No
12.02,879.78,0.216,21.42,54.33,39.95,0.3259,99.9,Normal,No
11.8,882.04,0.54,38.72,48.74,76.31,0.4714,68.28,Overheating_Risk,Yes
33.08,669.15,0.439,42.88,43.79,73.46,0.2755,57.98,Overheating_Risk,Yes
28.61,713.94,0.329,36.69,47.55,55.12,0.2052,60.97,Overloaded,Yes
0.9,991,0.094,30.4,54.24,53.76,0.2245,91.55,Normal,No
14.5,854.98,0.179,29.11,54.24,38.83,0.3182,99.2,Normal,No
38.39,616.12,0.363,34.49,56.91,54.95,0.2012,74.78,Overloaded,Yes
17.45,825.55,0.433,43.55,42.25,66.07,0.1742,67.93,Overheating_Risk,Yes
30.28,697.23,0.452,43.11,64.25,69.98,0.3928,61.99,Overheating_Risk,Yes
46.19,538.14,0.203,35.77,61.17,48.47,0.5276,41.31,Bearing_Wear,Yes
26.92,730.82,0.415,22,55.41,55.45,0.1637,84.33,Overloaded,Yes
5.65,943.47,0.126,23.65,53.46,30.04,0.2688,99.5,Normal,No
5.61,943.93,0.216,28.9,62.73,40.57,0.1409,89.88,Normal,No
38.5,614.95,0.554,36.82,47.98,78.53,0.4323,69.47,Overheating_Risk,Yes
36.31,636.86,0.359,31.45,61.53,46.57,0.2861,77.73,Overloaded,Yes
4.18,958.17,0.245,27.01,64.28,31.06,0.1296,94.02,Normal,No
7.41,925.86,0.229,29.11,51.54,42.85,0.2027,90.54,Normal,No
38.99,610.06,0.424,33.16,62.86,54.23,0.3802,77.36,Overloaded,Yes
18.22,817.75,0.265,23.29,62.11,34.88,0.1536,90.03,Normal,No
24.46,755.37,0.264,28.41,60.91,44.05,0.3341,92.44,Normal,No
9.51,904.87,0.091,29.43,61.02,39.61,0.0576,97.58,Normal,No
25.17,748.29,0.406,37.52,55.94,49.7,0.3262,80.43,Overloaded,Yes
33.2,668.04,0.445,22.83,57.62,59.37,0.3657,64.48,Overloaded,Yes
20,800,0.188,24.76,51.98,51.63,0.0972,89.65,Normal,No
29.35,706.49,0.431,32.76,64.92,50.01,0.3062,74.29,Overloaded,Yes
20.82,791.79,0.277,20.15,60.11,31.3,0.2147,89.31,Normal,No
7.67,923.31,0.138,27.46,55.01,48.32,0.1714,86.03,Normal,No
36.76,632.44,0.343,28.92,62.14,51.65,0.1641,69.35,Overloaded,Yes
39.17,608.33,0.396,32.74,60.81,48.98,0.2546,78.77,Overloaded,Yes
24.05,759.45,0.247,24.97,57.96,69.41,0.4203,58.15,Bearing_Wear,Yes
27.69,723.1,0.446,23.81,55.09,59.76,0.3261,70.57,Overloaded,Yes
8.66,913.37,0.149,23.17,53.08,42.08,0.1306,89.31,Normal,No
16.42,835.81,0.292,27.24,51.15,31.89,0.3354,89.46,Normal,No
2.3,976.98,0.2,27.48,59.73,36.69,0.0545,99.48,Normal,No
6.27,937.28,0.219,28.48,59.15,37.82,0.1313,93.97,Normal,No
21.65,783.48,0.287,21.27,52.32,53.62,0.271,98.24,Normal,No
67.09,329.08,0.835,47.01,64.01,92.24,0.7077,23.32,Critical,Yes
6.33,936.72,0.163,31.49,55.99,51,0.1066,95.09,Normal,No
49.08,509.2,0.375,35.08,50.18,66.39,0.4119,67.01,Overheating_Risk,Yes
31.51,684.9,0.339,28.95,63.09,45.18,0.2974,75.33,Overloaded,Yes
45.51,544.92,0.235,32.85,47.74,45.98,0.6632,65.86,Bearing_Wear,Yes
0.34,996.56,0.112,22.57,54.06,36.19,0.0688,91.88,Normal,No
18.32,816.82,0.202,28.07,51.22,53.79,0.3015,97.08,Normal,No
20.57,794.25,0.283,26.53,53,45.42,0.2729,96.07,Normal,No
13.04,869.64,0.067,24.45,63.81,44.61,0.2115,89.03,Normal,No
30.53,694.73,0.434,32.66,64.68,54.09,0.3076,66.21,Overloaded,Yes
17.64,823.63,0.157,25.31,59.74,53.41,0.0692,97.37,Normal,No
7.31,926.9,0.161,20.26,54.52,42.57,0.0669,92.37,Normal,No
38.91,610.93,0.316,34.23,55.24,58.1,0.2151,63.99,Overloaded,Yes
4.01,959.88,0.068,22.23,59.96,52.04,0.2942,95.28,Normal,No
14.42,855.83,0.422,38.1,43.75,72.73,0.3374,47.49,Overheating_Risk,Yes
72.38,276.17,0.931,47.89,45.39,107.41,1.1764,13.07,Critical,Yes
24.18,758.23,0.476,44.41,65.67,66.54,0.2875,54.37,Overheating_Risk,Yes
12.58,874.22,0.098,30.31,60.15,50.95,0.3076,96.23,Normal,No
10.98,890.2,0.203,21.92,60.1,34.48,0.2582,88.44,Normal,No
14.7,852.98,0.391,35.02,60.16,75.99,0.3302,40.65,Overheating_Risk,Yes
2.09,979.11,0.055,21.99,63.36,36.04,0.1563,86.58,Normal,No
67.78,322.17,0.808,46.08,42.27,81.73,0.8955,9.37,Critical,Yes
67.68,323.16,0.984,46.16,57.84,92.47,0.9145,21.64,Critical,Yes
47.86,521.43,0.396,23.09,60,52.36,0.6612,62.1,Bearing_Wear,Yes
13.31,866.87,0.079,27.27,51.76,38.43,0.0929,95.38,Normal,No
5.16,948.44,0.148,30.75,53.06,42.7,0.1758,85.27,Normal,No
51.71,482.9,0.174,28.54,61.82,58.85,0.6066,48.86,Bearing_Wear,Yes
0.25,997.51,0.231,26.43,62.54,50.53,0.303,92.28,Normal,No
8.34,916.59,0.248,25.42,52.75,51.37,0.3148,91.99,Normal,No
1.89,981.08,0.147,29.64,63.53,35.09,0.0701,98.16,Normal,No
25.58,744.24,0.485,44.68,37.33,74.72,0.1759,48.14,Overheating_Risk,Yes
37.06,629.43,0.365,37.95,58.98,51.42,0.205,68.76,Overloaded,Yes
9.31,906.87,0.067,24.43,56.96,48.07,0.247,95.63,Normal,No
0.21,997.91,0.104,27.94,57.26,30.13,0.2913,96.59,Normal,No
33.23,667.74,0.31,34.26,59.59,60.64,0.3379,80.08,Overloaded,Yes
78.13,218.7,0.656,46.71,61.02,102.27,0.7849,7.8,Critical,Yes
22.26,777.4,0.237,30.9,61.38,44.93,0.2462,98.34,Normal,No
14.47,855.3,0.208,21.88,57.11,47.91,0.1313,88.03,Normal,No
22.55,774.47,0.41,37.15,49.87,78.62,0.3275,41.58,Overheating_Risk,Yes
26.15,738.45,0.404,28.12,65.55,58.19,0.3491,66.8,Overloaded,Yes
35.39,646.15,0.34,37.03,60.91,51.49,0.2174,64.77,Overloaded,Yes
35.42,645.8,0.333,31.52,51.62,58.24,0.3537,79.45,Overloaded,Yes
19.02,809.79,0.097,21.06,60.48,39.21,0.1797,85.47,Normal,No
6.49,935.11,0.058,30.55,53.65,43.93,0.0617,95,Normal,No
32.92,670.79,0.464,35.99,54.76,67.03,0.6988,68.89,Bearing_Wear,Yes
53.79,462.05,0.237,30.38,47.02,42.85,0.6997,51.43,Bearing_Wear,Yes
49.93,500.73,0.432,35.44,74.93,47.24,0.4121,54.39,Bearing_Wear,Yes
15.2,847.97,0.356,38.6,62.43,73.49,0.2595,57.9,Overheating_Risk,Yes
5.8,942,0.054,29.17,59.36,49.06,0.0617,97.56,Normal,No
15.49,845.12,0.191,27.5,62.97,44.67,0.2243,99.86,Normal,No
50.27,497.31,0.305,32.73,56.68,46.87,0.5791,72.49,Bearing_Wear,Yes
38.94,610.63,0.351,30.44,50.29,64.91,0.3953,76.24,Overloaded,Yes
37.07,629.34,0.407,31.49,46.33,54.1,0.3187,76.94,Overloaded,Yes
34.92,650.75,0.48,23.01,60.01,60.73,0.6091,62.7,Bearing_Wear,Yes
21.01,789.88,0.389,41.36,55.98,67.69,0.3968,50.93,Overheating_Risk,Yes
16.69,833.06,0.259,22.04,50.29,49.48,0.2329,95.49,Normal,No
20.95,790.46,0.251,31.53,58.04,42.21,0.1706,87.31,Normal,No
14.32,856.85,0.119,31.06,58.75,44.82,0.1565,85.78,Normal,No
0.79,992.06,0.156,21.01,59.1,52.02,0.3149,94.89,Normal,No
5.28,947.19,0.266,30.63,52.95,48.44,0.136,97.04,Normal,No
24.93,750.69,0.058,30.77,59.34,54.33,0.1895,97.71,Normal,No
1.56,984.4,0.134,20.8,64.63,50.42,0.3058,99.07,Normal,No
2.13,978.72,0.146,20.85,53.16,35.73,0.1907,89.03,Normal,No
2.52,974.76,0.092,21.77,64.6,48.98,0.3403,91.6,Normal,No
6.96,930.41,0.25,23.92,54.49,35.81,0.0889,88.85,Normal,No
8.88,911.17,0.218,20.75,53.16,50.23,0.0941,90.14,Normal,No
54.59,454.14,0.204,21.49,59.54,49.07,0.569,68.13,Bearing_Wear,Yes
3.43,965.71,0.195,26.07,52.16,45.6,0.1321,92.32,Normal,No
2.06,979.43,0.165,23.68,62.34,31.42,0.1756,91.88,Normal,No
18.13,818.75,0.194,28.01,61.66,51.56,0.1442,93.07,Normal,No
53.6,463.96,0.496,36.01,56.14,45.85,0.5468,65.96,Bearing_Wear,Yes
12.31,876.86,0.171,30.06,55.42,51.49,0.172,89.92,Normal,No
31.81,681.9,0.414,24.02,49.91,64.03,0.1939,74.19,Overloaded,Yes
14.48,855.17,0.172,27.74,53.45,43.82,0.1617,94.93,Normal,No
3.53,964.69,0.193,22.22,54.18,35.47,0.1049,97.39,Normal,No
7.14,928.57,0.282,31.64,58.57,33.58,0.1624,96.97,Normal,No
9.18,908.15,0.072,26.68,62.68,49.9,0.1025,95.09,Normal,No
28.31,716.92,0.333,35.99,51.24,50.26,0.1502,81.77,Overloaded,Yes
36.89,631.11,0.394,34,48.8,54.17,0.2378,62.34,Overloaded,Yes
77.01,229.85,0.968,40.4,44.57,86.23,0.8191,36.34,Critical,Yes
11.7,882.98,0.167,29.13,52.32,42.18,0.179,93.95,Normal,No
24.99,750.11,0.242,24.77,62.41,34.27,0.0591,88.07,Normal,No
33.62,663.84,0.329,31.07,72.32,55.3,0.5504,41.76,Bearing_Wear,Yes
0.87,991.27,0.188,25.26,62.59,34.02,0.0575,91.74,Normal,No
5.94,940.63,0.062,28.7,51.67,45.21,0.1343,87.6,Normal,No
9.49,905.06,0.25,24.71,61.26,33.14,0.2818,88.55,Normal,No
16.93,830.65,0.191,31.15,55.81,31.65,0.0557,97.4,Normal,No
78.37,216.34,0.91,42.34,47.25,80.9,1.1807,26.71,Critical,Yes
57.33,426.72,0.243,31.01,65.35,49.53,0.6544,73.15,Bearing_Wear,Yes
38.27,617.27,0.411,26.44,52.04,64.27,0.1526,77.9,Overloaded,Yes
17.66,823.44,0.206,31.88,54.68,38.5,0.0737,91.64,Normal,No
6.53,934.74,0.136,30.01,64.03,34.64,0.1618,98.93,Normal,No
1.55,984.55,0.073,21.95,58.93,33.76,0.3404,91.7,Normal,No
12.54,874.62,0.112,25.65,59.93,48.78,0.2762,93.67,Normal,No
22.61,773.91,0.254,29.08,50.83,30.17,0.1137,94.95,Normal,No
31.17,688.32,0.36,36.15,67.39,63.18,0.2285,77.28,Overloaded,Yes
29.07,709.26,0.329,24.95,53.55,53.6,0.3577,63,Overloaded,Yes
18.37,816.27,0.183,23.46,57.39,37.5,0.2288,91.51,Normal,No
65.75,342.46,0.647,45.47,75.12,90.32,1.0665,26.35,Critical,Yes
38.97,610.27,0.423,31.07,61.43,62.97,0.2499,68.17,Overloaded,Yes
0.27,997.3,0.257,29.61,51.57,44.42,0.1892,86.78,Normal,No
39.71,602.91,0.332,23.08,59.87,59.78,0.1581,76.47,Overloaded,Yes
13.31,866.93,0.076,22.07,58.52,37.41,0.3315,97.28,Normal,No
24.59,754.11,0.115,31.64,56.47,38.69,0.0651,85.79,Normal,No
17.3,827,0.164,22.72,59.21,36.32,0.2233,90.39,Normal,No
52.94,470.58,0.437,28.59,55.52,50.88,0.6417,51.49,Bearing_Wear,Yes
5.23,947.74,0.071,25.6,57.23,51.02,0.1164,90.71,Normal,No
20.21,797.9,0.256,24.62,56.89,37.58,0.3298,86.78,Normal,No
23.34,766.56,0.221,26.38,50.49,41.89,0.1723,87.42,Normal,No
16.41,835.9,0.293,26.75,60.72,31.71,0.1753,86.75,Normal,No
44.51,554.88,0.478,31.91,47.3,50.64,0.5652,54.11,Bearing_Wear,Yes
37.5,624.95,0.422,31.79,54.34,50.11,0.1765,68.87,Overloaded,Yes
10.33,896.71,0.219,27.9,51.05,39.88,0.1045,87.35,Normal,No
20.68,793.17,0.06,25.03,52.52,51.98,0.2171,88.47,Normal,No
12.56,874.39,0.233,31.5,53.31,52.15,0.3303,98.75,Normal,No
15.89,841.15,0.207,24.84,61.29,43.28,0.2532,91.43,Normal,No
18.29,817.13,0.256,21.76,62.49,43.51,0.3034,91.47,Normal,No
9.48,905.24,0.279,23.01,62.66,42.1,0.2042,89.63,Normal,No
14.33,856.74,0.131,20.47,54.08,30.16,0.3435,99.49,Normal,No
30.93,690.73,0.409,27.53,61.78,61.11,0.3867,70.01,Overloaded,Yes
36.75,632.51,0.34,37.85,45.64,57.07,0.3149,77.2,Overloaded,Yes
3.01,969.9,0.285,22.17,59.34,35.57,0.1422,93.2,Normal,No
10.43,895.7,0.09,22.05,56.27,48.93,0.3194,86.26,Normal,No
30.9,691.03,0.315,22.27,61.54,57.05,0.1908,65.85,Overloaded,Yes
0.59,994.07,0.259,31.7,52.03,35.79,0.3105,98.9,Normal,No
36.79,632.15,0.168,20.71,62.22,51.79,0.4086,60.41,Bearing_Wear,Yes
25.17,748.3,0.418,26.9,46.01,56.77,0.2494,84.35,Overloaded,Yes
13.6,863.95,0.119,28.51,54.07,52.61,0.1624,93.25,Normal,No
1.26,987.36,0.157,29.99,62.08,35.61,0.1178,97.26,Normal,No
38.96,610.44,0.314,29.2,53.44,62.41,0.1709,65.28,Overloaded,Yes
18.81,811.88,0.063,25.91,56.63,38.36,0.1684,92.95,Normal,No
4.03,959.66,0.193,29.67,61.4,33.85,0.0948,89.02,Normal,No
24.44,755.57,0.452,41.8,36.98,65.52,0.2872,59.4,Overheating_Risk,Yes
4.84,951.64,0.21,23.12,63.29,52.39,0.1392,88.45,Normal,No
10.28,897.17,0.11,28.07,62.39,46.83,0.2973,90.95,Normal,No
27.34,726.55,0.411,27.77,61.78,50.41,0.1703,84.81,Overloaded,Yes
3.91,960.95,0.297,31.73,61.91,46.49,0.2233,97.99,Normal,No
7.24,927.64,0.167,27.43,56.17,40.69,0.1491,93.46,Normal,No
44.02,559.77,0.4,44.34,59.12,77.35,0.3447,62.28,Overheating_Risk,Yes
0.41,995.95,0.255,20.48,63.35,54.8,0.1382,88.15,Normal,No
86.79,132.12,0.701,48.66,35.14,83.78,1.1896,26.95,Critical,Yes
43.88,561.25,0.431,41.76,55.8,74.05,0.3889,55.14,Overheating_Risk,Yes
10.73,892.73,0.119,29.22,53.39,47.31,0.12,94.38,Normal,No
18.68,813.23,0.105,20.72,51.96,45.15,0.3048,85.67,Normal,No
18.35,816.46,0.135,25.74,63.93,38.3,0.1896,85.21,Normal,No
2.04,979.6,0.115,20.33,59.47,40.66,0.2144,87.62,Normal,No
7.4,926.02,0.216,31.58,50.76,52.26,0.2231,93.46,Normal,No
32.5,674.96,0.31,23.44,60.02,51.82,0.3793,70.16,Overloaded,Yes
3.58,964.18,0.229,23.52,57.88,47.45,0.3201,96.88,Normal,No
16.91,830.91,0.22,31.35,54.44,30.03,0.1316,88.27,Normal,No
46.47,535.27,0.372,30.68,45.49,61.86,0.4971,63.28,Bearing_Wear,Yes
13.91,860.86,0.136,21.61,51.42,50.79,0.3255,94.75,Normal,No
24.14,758.63,0.291,33.12,68.39,43.55,0.4,64.92,Bearing_Wear,Yes
8.91,910.85,0.114,20.15,58.1,51.28,0.3373,93.49,Normal,No
12.86,871.38,0.071,26.59,55.7,45.18,0.1666,88.6,Normal,No
26.42,735.76,0.347,23.55,49.42,64.75,0.261,73.3,Overloaded,Yes
38.1,618.96,0.449,31.32,65.31,51.54,0.2264,70.07,Overloaded,Yes
36.9,631,0.521,38.15,39.66,74.49,0.1949,55.25,Overheating_Risk,Yes
35.4,645.99,0.405,34.06,66.82,55,0.3326,75.48,Overloaded,Yes
27.47,725.34,0.159,25.12,58.29,58.51,0.655,46.87,Bearing_Wear,Yes
3.14,968.61,0.291,21.3,57.18,44.64,0.2124,86.29,Normal,No
1.43,985.74,0.076,27.03,58.17,35.84,0.2413,97.3,Normal,No
21.66,783.37,0.324,32.41,52.57,49.23,0.5841,71.43,Bearing_Wear,Yes
52.4,476.03,0.354,33.14,55.94,59.23,0.5399,46.65,Bearing_Wear,Yes
84.56,154.39,0.823,43.59,75.57,80.63,0.8579,2.28,Critical,Yes
19.16,808.37,0.226,23.98,60.13,39.9,0.2769,91.81,Normal,No
10.31,896.93,0.284,23.01,51.81,44.61,0.3408,90.67,Normal,No
22.48,775.19,0.269,29.11,49.86,59.74,0.6993,55.81,Bearing_Wear,Yes
8.87,911.32,0.15,21.38,63.25,40.37,0.1662,94.9,Normal,No
27.68,723.19,0.512,35.61,63.48,79.11,0.3771,68.41,Overheating_Risk,Yes
26.06,739.43,0.317,30.83,62.45,52.04,0.5014,44.44,Bearing_Wear,Yes
9.79,902.06,0.091,28.81,53.13,31.46,0.2157,93.93,Normal,No
54.88,451.23,0.352,26.22,69.09,56.21,0.4238,59.8,Bearing_Wear,Yes
56.32,436.79,0.289,25.33,49.3,44.54,0.5298,60.85,Bearing_Wear,Yes
2.02,979.85,0.285,29.06,58.8,50.71,0.0741,92.15,Normal,No
35.2,647.96,0.557,42.83,44.7,79.11,0.1935,65.63,Overheating_Risk,Yes
24.27,757.26,0.094,28.66,50.6,40.14,0.2049,93.71,Normal,No
57.44,425.63,0.385,28.66,69.29,68.52,0.4066,74.39,Bearing_Wear,Yes
2.15,978.47,0.254,23.36,51.98,41,0.2432,90.71,Normal,No
12.18,878.17,0.5,44.02,48.41,68.24,0.3049,36.69,Overheating_Risk,Yes
20.51,794.88,0.257,27.06,55.3,49.99,0.2164,97.39,Normal,No
15.79,842.14,0.246,27.18,56.21,53.95,0.2123,94.08,Normal,No
18.82,811.8,0.506,40.72,41.47,65.89,0.3615,61.73,Overheating_Risk,Yes
13.09,869.15,0.107,28,51.2,41.05,0.099,87.77,Normal,No
5.06,949.43,0.147,20.61,55.97,42.79,0.195,90.74,Normal,No
89.37,106.3,0.658,45.06,33.1,82.13,0.9869,22.64,Critical,Yes
90.73,92.69,0.823,49.6,32.43,82.94,0.722,7.41,Critical,Yes
13.53,864.68,0.211,20.55,64.19,51.05,0.139,86.16,Normal,No
27.55,724.52,0.319,23.97,57.96,49.92,0.2395,84.74,Overloaded,Yes
17.11,828.92,0.287,21.71,55.73,43.87,0.073,85.06,Normal,No
16.76,832.39,0.21,24.93,57.34,40.39,0.0572,90.03,Normal,No
4.43,955.73,0.075,31.48,58.99,48.22,0.1446,90.9,Normal,No
28.55,714.46,0.315,24.86,64.94,58.55,0.2867,71.88,Overloaded,Yes
56.9,431.03,0.175,25.05,55.5,63.47,0.6978,48.42,Bearing_Wear,Yes
54.97,450.28,0.441,24.04,56.98,52.29,0.6935,46.33,Bearing_Wear,Yes
51.97,480.34,0.267,33.16,57.6,57.35,0.6498,68.15,Bearing_Wear,Yes
21.66,783.39,0.065,28.3,52.1,40.4,0.2146,91.04,Normal,No
12.99,870.1,0.299,21.62,60.13,39.9,0.0899,87.38,Normal,No
23.73,762.68,0.27,30.88,64.87,35.21,0.1566,95.04,Normal,No
12.1,879.05,0.155,24.29,58.91,44.39,0.0984,92.08,Normal,No
13.84,861.63,0.193,22.52,61.13,30.63,0.1564,96.7,Normal,No
32.56,674.44,0.415,41.95,54.86,76.94,0.4073,56.35,Overheating_Risk,Yes
12.2,877.96,0.083,23.14,56.29,44.98,0.2041,89.32,Normal,No
0.16,998.38,0.174,23.43,61.02,30.6,0.2254,99.12,Normal,No
4.36,956.4,0.168,21.1,59.39,43.76,0.1722,92.82,Normal,No
55.86,441.37,0.219,20.41,70.85,57.31,0.6672,60.89,Bearing_Wear,Yes
37.15,628.48,0.364,34,67.83,56.44,0.1952,66.72,Overloaded,Yes
4.97,950.34,0.112,23.68,58.33,44.7,0.1779,94.23,Normal,No
2.04,979.61,0.072,22.06,57.77,35.35,0.135,91,Normal,No
37.18,628.22,0.302,32.39,61.72,60.97,0.3832,60.5,Overloaded,Yes
3.84,961.55,0.272,25.5,58.47,46.58,0.2537,98.98,Normal,No
59.88,401.22,0.402,25.17,71.39,41.48,0.4693,71.41,Bearing_Wear,Yes
28.84,711.57,0.333,24.21,66.48,55,0.3187,65.98,Overloaded,Yes
18.95,810.49,0.24,23.75,56.16,35.24,0.343,94.68,Normal,No
23.36,766.36,0.126,29.38,61.49,47.29,0.3397,90.9,Normal,No
64.58,354.25,0.869,47.29,58.75,86.2,0.9522,12.49,Critical,Yes
10.69,893.13,0.211,28.94,53.48,40.13,0.1307,87.98,Normal,No
19.58,804.15,0.277,24.44,61.27,52.42,0.3038,87.74,Normal,No
58.25,417.48,0.282,26.11,46.87,54.59,0.4327,48.7,Bearing_Wear,Yes
22.68,773.22,0.552,43.75,45.59,77.88,0.45,61.76,Overheating_Risk,Yes
65.13,348.66,0.876,49.45,64.13,89.95,0.9503,25.83,Critical,Yes
40.42,595.77,0.192,25.62,69.07,65.84,0.4412,73.33,Bearing_Wear,Yes
8.22,917.79,0.216,29.02,62.18,53.64,0.1439,97.88,Normal,No
3.29,967.08,0.226,28.9,60.17,36.31,0.3119,87.53,Normal,No
22.15,778.55,0.401,28.56,70.47,51.5,0.4505,69.28,Bearing_Wear,Yes
13.72,862.77,0.097,28.64,57.67,45.11,0.1883,97.43,Normal,No
20.74,792.61,0.227,21.26,62.58,46.78,0.2591,90.44,Normal,No
45.17,548.29,0.531,36.13,49.27,78.3,0.1665,68.65,Overheating_Risk,Yes
16.98,830.21,0.208,23.25,53.73,53.55,0.1395,96.63,Normal,No
9.83,901.72,0.085,20.13,58.16,54.39,0.1607,90.36,Normal,No
8.6,913.98,0.18,25.29,63.2,42.64,0.2023,87.08,Normal,No
24.57,754.32,0.112,20.88,59.95,44.88,0.1745,91.33,Normal,No
19.63,803.73,0.099,29.84,59.73,40.47,0.1874,88.85,Normal,No
18.8,811.97,0.178,23.85,58.94,54.89,0.1806,98.81,Normal,No
8.63,913.75,0.064,22.45,56.28,35.49,0.0501,98.73,Normal,No
37.66,623.42,0.411,24.69,48.01,46.35,0.331,83.22,Overloaded,Yes
31.46,685.42,0.318,30.2,53.72,52.5,0.3053,77.97,Overloaded,Yes
2.77,972.35,0.059,31.93,53.49,31.35,0.107,85.58,Normal,No
73.71,262.87,0.921,43.41,52.21,100.27,0.9544,34.46,Critical,Yes
21.65,783.49,0.052,29.34,56.91,54.72,0.195,99.8,Normal,No
18.86,811.36,0.112,26.46,64.88,51.44,0.0792,95.6,Normal,No
33.82,661.77,0.152,27.26,52.04,64.57,0.5012,68.96,Bearing_Wear,Yes
0.01,999.85,0.127,22.89,53.5,31.7,0.1061,93.33,Normal,No
70.2,298.02,0.767,43.77,73.8,107.16,0.9465,13.21,Critical,Yes
2.67,973.3,0.288,20.72,54.46,37.45,0.1461,87.46,Normal,No
87.41,125.89,0.649,46.35,36.19,82.12,1.1547,7.61,Critical,Yes
20.53,794.69,0.186,20.93,64.33,36.17,0.3079,87.53,Normal,No
44.16,558.42,0.353,40.12,61.93,79.02,0.4682,63.69,Overheating_Risk,Yes
22.2,777.95,0.1,23.41,54.33,39.43,0.168,93.17,Normal,No
65.6,344.04,0.876,41.68,45.52,95.1,1.0982,29.58,Critical,Yes
16.14,838.62,0.089,26.56,51.31,39.43,0.1741,85.6,Normal,No
6.85,931.5,0.289,31.44,55.28,31.08,0.1037,90.88,Normal,No
93.17,68.28,0.656,47.64,35.43,109.44,0.8908,31.01,Critical,Yes
8.56,914.35,0.207,22.3,52.19,53.45,0.3253,98.31,Normal,No
34.38,656.18,0.421,23.1,53.37,51.27,0.3089,68.9,Overloaded,Yes
27.23,727.72,0.389,35.03,54.55,47.65,0.1992,65.94,Overloaded,Yes
7.5,925.03,0.211,27.21,60.44,39.06,0.2972,88.06,Normal,No
32.04,679.64,0.42,24.88,47.75,62.67,0.2357,77.1,Overloaded,Yes
0.63,993.66,0.223,23.79,50.84,45.25,0.1222,90.8,Normal,No
13.22,867.77,0.387,37.98,38.14,78.66,0.1521,51.94,Overheating_Risk,Yes
3.08,969.19,0.127,31.11,52.43,54.15,0.1117,96.12,Normal,No
13.67,863.33,0.271,26.65,58.02,34.89,0.0999,98.75,Normal,No
71.47,285.26,0.749,47.6,46.94,108.56,1.069,23.9,Critical,Yes
45.24,547.64,0.362,37.57,51.28,68.4,0.4104,67.17,Overheating_Risk,Yes
10.59,894.06,0.136,31.54,56.67,42.23,0.1555,98.64,Normal,No
33.53,664.66,0.414,34.99,53.55,53.67,0.3621,69.08,Overloaded,Yes
19.85,801.52,0.285,27.48,61.12,50.13,0.3035,90.93,Normal,No
1.28,987.18,0.15,28.09,56.76,48.72,0.1571,94.52,Normal,No
4.66,953.4,0.237,26.55,53.06,37.3,0.2746,92.24,Normal,No
5.4,945.99,0.292,28.58,64.36,40.68,0.1925,98.47,Normal,No
13.13,868.74,0.227,23.03,56.7,33.09,0.1118,85.01,Normal,No
0.98,990.18,0.294,22.91,59.95,50.98,0.2152,87.3,Normal,No
85.48,145.16,0.84,47.31,68.49,109.26,0.9868,13.67,Critical,Yes
82.7,173.04,0.627,48.97,35.97,89.84,1.1079,23.89,Critical,Yes
30.9,690.95,0.371,35.67,53.5,62.39,0.172,79.42,Overloaded,Yes
21.19,788.11,0.095,25.16,52.48,47.67,0.2106,94.53,Normal,No
4.91,950.88,0.103,20.5,54.83,43.99,0.3074,95,Normal,No
37.42,625.84,0.484,32.95,72.9,55.83,0.4777,41.85,Bearing_Wear,Yes
35.89,641.09,0.318,26.84,58.31,56.29,0.3001,64.16,Overloaded,Yes
9.49,905.07,0.204,31.64,60.91,53.07,0.2787,93.88,Normal,No
17.68,823.19,0.517,41.23,56.09,72.35,0.335,46.71,Overheating_Risk,Yes
40.77,592.27,0.219,34.49,50.57,42.55,0.5309,63.04,Bearing_Wear,Yes
27.51,724.91,0.419,40.58,47.15,78.99,0.4729,52.58,Overheating_Risk,Yes
29.92,700.82,0.411,22.59,56.87,51.73,0.3801,60.3,Overloaded,Yes
33.29,667.08,0.411,29.76,47.14,64.45,0.2795,75.35,Overloaded,Yes
5.92,940.85,0.171,25.15,51.12,32.65,0.3012,88.6,Normal,No
17.8,822.02,0.476,42.69,37.17,73.65,0.1917,36.28,Overheating_Risk,Yes
22.11,778.9,0.442,22.12,46.35,53.14,0.6532,49.18,Bearing_Wear,Yes
10.54,894.57,0.06,25.39,58.66,44.27,0.1497,89.73,Normal,No
2.67,973.34,0.142,21.19,61.5,54.16,0.341,97.98,Normal,No
15.02,849.8,0.225,23.42,59.46,41.39,0.1946,96.37,Normal,No
31.28,687.23,0.261,36.64,46.69,54.57,0.6738,61.36,Bearing_Wear,Yes
79.12,208.76,0.7,43.43,72.6,96.78,0.9574,3.98,Critical,Yes
0.4,995.99,0.291,24.52,59.05,31.99,0.2549,98.99,Normal,No
14.39,856.08,0.082,26.98,61.5,40.16,0.314,94.73,Normal,No
22.48,775.19,0.206,21.58,54.65,35.04,0.3226,96.41,Normal,No
83.67,163.26,0.72,41.84,67.82,94.22,0.8129,24.66,Critical,Yes
21.61,783.87,0.264,28.43,49.44,69.54,0.4627,44.56,Bearing_Wear,Yes
28.14,718.59,0.419,27.66,61.96,40.63,0.4103,55.6,Bearing_Wear,Yes
20.42,795.84,0.271,21.04,58.08,52.83,0.1664,97.44,Normal,No
3.34,966.58,0.284,29.02,64.12,46.92,0.159,99.07,Normal,No
6.89,931.11,0.133,28.41,61.48,53.24,0.1114,96.97,Normal,No
18.46,815.36,0.066,24.65,54.24,37.61,0.3449,94.64,Normal,No
48.71,512.93,0.492,26.79,69.06,53.04,0.6609,46.32,Bearing_Wear,Yes
57.91,420.93,0.227,25.87,67.69,51.81,0.5825,55.56,Bearing_Wear,Yes
85.98,140.17,0.691,40.58,45,94.23,0.784,14.19,Critical,Yes
74,260.01,0.623,45.83,74.22,84.55,0.9989,26.59,Critical,Yes
10.48,895.17,0.225,24.93,57.57,30.18,0.2575,94.92,Normal,No
21.54,784.64,0.279,37.62,57.62,55.06,0.673,65.1,Bearing_Wear,Yes
33.28,667.17,0.549,43.64,50.99,72.13,0.2851,68.83,Overheating_Risk,Yes
47.89,521.13,0.179,35.53,59.42,42.06,0.5649,54.6,Bearing_Wear,Yes
21.94,780.56,0.101,29.92,58.37,31.37,0.3416,92.69,Normal,No
7.27,927.28,0.167,30.29,54.57,34.82,0.0887,89.47,Normal,No
19.5,804.99,0.168,22.73,52.49,38.32,0.332,90.15,Normal,No
94.58,54.16,0.794,41.79,74.56,93.81,1.0548,39.35,Critical,Yes
25.75,742.47,0.315,33.53,52.05,48.69,0.1598,60.55,Overloaded,Yes
19.36,806.38,0.084,25.61,59.09,40.71,0.0581,96.75,Normal,No
25.16,748.42,0.414,36.29,55.82,55.71,0.2692,69.73,Overloaded,Yes
38.31,616.89,0.434,27.37,60.38,63.54,0.3905,72.72,Overloaded,Yes
11.32,886.79,0.12,31.51,52.14,44.5,0.1348,89.19,Normal,No
10.12,898.76,0.3,20.66,58.68,32.06,0.0964,91.59,Normal,No
32.66,673.43,0.339,27.06,47.17,51.06,0.3916,83.62,Overloaded,Yes
8.37,916.28,0.193,30.92,50.09,50.27,0.3345,86.37,Normal,No
26.46,735.42,0.486,29.68,45.43,47.73,0.535,64.25,Bearing_Wear,Yes
18.33,816.71,0.299,23.45,58.07,43.33,0.1717,87.54,Normal,No
59.1,409.02,0.449,28.97,63.1,46.82,0.5631,64.32,Bearing_Wear,Yes
12.88,871.21,0.298,27.34,55.56,49.3,0.1011,90.77,Normal,No
8.67,913.26,0.158,29.38,57.26,49.85,0.2229,90.13,Normal,No
42.4,576.01,0.41,37.24,52.66,68.91,0.1532,57.69,Overheating_Risk,Yes
12.78,872.23,0.161,31.6,58.57,51.59,0.0918,93.54,Normal,No
21.7,783.01,0.196,28.62,55.58,32.31,0.1874,90.92,Normal,No
21.68,783.23,0.111,31.6,64.37,36.19,0.1544,98.43,Normal,No
58.66,413.35,0.305,25.78,60.78,60.63,0.482,65.78,Bearing_Wear,Yes
25.77,742.25,0.307,28.18,53.84,51.31,0.2728,68.02,Overloaded,Yes
27.88,721.16,0.346,37.6,55.28,53.89,0.2941,84.58,Overloaded,Yes
6.04,939.6,0.22,28.59,59.11,32.21,0.2531,85.96,Normal,No
14.9,850.96,0.235,22.53,62.62,30.76,0.3031,91.9,Normal,No
5.44,945.6,0.083,31.44,51.09,34.98,0.1543,94.3,Normal,No
13.62,863.8,0.081,23.48,53.58,35.34,0.1733,95.56,Normal,No
5.44,945.64,0.142,24.69,64.65,53.87,0.29,88.62,Normal,No
1.7,982.99,0.129,23.2,57.59,49.44,0.3075,97.67,Normal,No
8.99,910.08,0.222,23.75,50.91,47.54,0.0529,91.14,Normal,No
23.18,768.25,0.523,42.66,45.64,77.17,0.2529,50.62,Overheating_Risk,Yes
18.18,818.25,0.223,31.85,53.38,46.56,0.2329,98.73,Normal,No
3.91,960.91,0.238,26.82,54.12,41.86,0.1501,93.69,Normal,No
55.56,444.4,0.349,31.37,60.56,41.53,0.4699,57.22,Bearing_Wear,Yes
7.76,922.44,0.095,26.05,54.84,36.45,0.1892,87,Normal,No
38.92,610.84,0.43,33.32,47.66,60.52,0.352,79.19,Overloaded,Yes
24.56,754.41,0.375,35.02,62.32,59.39,0.5375,58.5,Bearing_Wear,Yes
11.38,886.25,0.51,35.81,50.23,69.39,0.3409,39.67,Overheating_Risk,Yes
17.29,827.09,0.249,21.96,51.56,33.64,0.3131,92.92,Normal,No
28.69,713.1,0.377,41.5,65.38,77.42,0.3691,37.63,Overheating_Risk,Yes
2.81,971.9,0.062,23.09,52.03,36.5,0.1655,99.14,Normal,No
15.26,847.41,0.259,28.52,51.69,48.4,0.1325,94.59,Normal,No
8.52,914.76,0.299,23.16,54.19,53.27,0.0574,95.45,Normal,No
85.39,146.14,0.935,49.74,78.78,81.96,1.1109,25.85,Critical,Yes
16.18,838.16,0.082,27.8,64.74,52.8,0.1817,85.6,Normal,No
9.06,909.43,0.257,28.42,56.89,31.38,0.1781,92.04,Normal,No
38.93,610.72,0.396,26.99,58.13,46.32,0.3931,69,Overloaded,Yes
11.95,880.53,0.139,28.19,59.93,47.88,0.1304,89.74,Normal,No
3.13,968.69,0.214,20.48,58.97,51.74,0.3172,91.74,Normal,No
11.48,885.17,0.069,28.05,62.32,36.12,0.1764,97.58,Normal,No
21.93,780.72,0.111,26.61,52.89,32.55,0.3233,97.31,Normal,No
19,809.99,0.062,30.12,56.57,38.56,0.2139,86.37,Normal,No
18.92,810.84,0.196,22.24,52.82,34.61,0.0671,93.82,Normal,No
37.61,623.95,0.303,22.78,59.32,61.39,0.2317,68.74,Overloaded,Yes
14.91,850.91,0.119,20.32,61.03,45.64,0.2242,96.13,Normal,No
16.88,831.19,0.101,24.23,51.89,33.25,0.2529,97.88,Normal,No
48.51,514.91,0.507,36.84,38.7,77.19,0.3526,56.64,Overheating_Risk,Yes
19.54,804.63,0.226,30.01,50.84,48.69,0.3053,89.29,Normal,No
34.61,653.93,0.347,37.33,45.84,56.6,0.1916,77.81,Overloaded,Yes
4.4,956.03,0.109,25.93,63.72,35.29,0.0933,96.38,Normal,No
12.52,874.85,0.278,21.76,59.69,35.82,0.097,95.25,Normal,No
14.84,851.58,0.239,23.71,56.72,40.14,0.3452,89.38,Normal,No
7.37,926.3,0.139,26.78,53.78,52.88,0.1297,98.44,Normal,No
2.59,974.13,0.214,30.88,52.53,54.21,0.1859,99.19,Normal,No
16.92,830.79,0.125,22.26,54.56,32.33,0.0932,86.57,Normal,No
10.57,894.26,0.249,21.7,51.95,46.09,0.1092,86.46,Normal,No
4.17,958.29,0.281,29.86,55.31,46.4,0.2112,95.16,Normal,No
17.07,829.33,0.207,23.19,50.59,41.39,0.3173,93.54,Normal,No
20.81,791.9,0.298,21.96,60.38,46.86,0.344,99.78,Normal,No
17.17,828.33,0.111,29.58,51.61,49.52,0.3231,90.74,Normal,No
15.77,842.34,0.158,25.25,54.66,49.05,0.3309,99.11,Normal,No
27.62,723.78,0.431,33.8,51.32,46.35,0.217,82.81,Overloaded,Yes
15.83,841.71,0.23,23.09,60.79,30.7,0.1626,94.4,Normal,No
25.84,741.56,0.438,24.23,64.57,52.16,0.5788,43.76,Bearing_Wear,Yes
25.25,747.46,0.436,26.31,65.49,64.99,0.2029,66.63,Overloaded,Yes
16.57,834.29,0.291,30.99,57.54,49.88,0.0907,99.66,Normal,No
48.57,514.26,0.391,37.99,38.51,69.08,0.4356,48.24,Overheating_Risk,Yes
13.54,864.64,0.436,44.81,57.04,71.24,0.2083,69.52,Overheating_Risk,Yes
20.52,794.79,0.12,20.84,50.85,33.01,0.2242,98.93,Normal,No
12.42,875.81,0.261,25.35,60.63,48.3,0.1022,90.42,Normal,No
45.49,545.08,0.175,26.51,61.04,69.89,0.5424,68.56,Bearing_Wear,Yes
31.48,685.19,0.419,31.53,67.16,53.22,0.3011,75.75,Overloaded,Yes
10.43,895.65,0.086,21.12,50.25,51.84,0.1209,88.17,Normal,No
18.4,815.99,0.13,26.07,52.44,53.99,0.3055,97.96,Normal,No
10.17,898.31,0.241,21.73,50.13,30.5,0.226,91.83,Normal,No
12.95,870.5,0.052,25.07,60.77,41.07,0.2697,88.5,Normal,No
37.2,628.03,0.388,25.37,50.92,57.56,0.3575,70.39,Overloaded,Yes
6.46,935.42,0.267,28.03,56.72,42.2,0.1113,94.4,Normal,No
8.97,910.31,0.299,25.76,57.29,44.15,0.325,97.01,Normal,No
31.77,682.33,0.408,31.38,57.31,48.85,0.266,66.15,Overloaded,Yes
22.87,771.29,0.134,31.43,58,45.79,0.2129,86.94,Normal,No
9.4,906.04,0.075,27.48,56.7,49.45,0.1161,87.47,Normal,No
31.09,689.05,0.439,33.37,55.47,55.35,0.1711,84.61,Overloaded,Yes
36.66,633.44,0.421,40.86,38.83,79.49,0.2112,57.68,Overheating_Risk,Yes
6.14,938.64,0.229,29.32,60.1,45.36,0.3177,86.18,Normal,No
8.27,917.27,0.112,31.86,55.84,48.32,0.2554,88.18,Normal,No
5.97,940.25,0.12,24.93,53.51,30.49,0.3138,99.48,Normal,No
8.54,914.61,0.135,20.09,60.2,50.64,0.094,87.39,Normal,No
19.75,802.48,0.204,20.54,59.34,37.72,0.1606,96.55,Normal,No
20.27,797.27,0.15,31.37,56.1,49.3,0.1952,98.46,Normal,No
22.69,773.06,0.072,31.24,62.38,49.78,0.1103,97.08,Normal,No
21.25,787.47,0.122,31.43,50.75,33.75,0.2113,93.64,Normal,No
16.13,838.71,0.054,31.52,50.67,33.58,0.0542,93.5,Normal,No
23.31,766.93,0.216,29.87,50.2,43.55,0.1879,92.48,Normal,No
1.81,981.95,0.221,26.04,61.48,42.13,0.0948,94.72,Normal,No
4.31,956.9,0.268,27.36,52.36,54.06,0.2055,86.09,Normal,No
15.67,843.29,0.113,29.64,62.27,54.47,0.2006,91.82,Normal,No
40.14,598.61,0.383,40.47,54.12,66.34,0.2963,64.86,Overheating_Risk,Yes
21.4,785.96,0.075,21.09,53.94,51.87,0.0887,95.8,Normal,No
26.52,734.83,0.393,27.7,64.72,49.67,0.3098,65.89,Overloaded,Yes
48.55,514.54,0.456,22.28,71,57.81,0.4381,54.96,Bearing_Wear,Yes
4.02,959.78,0.225,29.11,51.59,42.65,0.2944,99.04,Normal,No
12.84,871.62,0.288,26.43,55.91,51.21,0.1979,92.08,Normal,No
12.26,877.42,0.262,29.98,56.05,38.33,0.1976,93.59,Normal,No
5.96,940.42,0.248,25.84,55.01,32.67,0.1217,99.24,Normal,No
29.58,704.24,0.325,29.37,52.68,45.7,0.2308,73.6,Overloaded,Yes
13.79,862.07,0.139,25.37,64.48,39.43,0.1275,88.65,Normal,No
11.44,885.56,0.24,22.47,60.64,30.53,0.1757,96.64,Normal,No
8.47,915.32,0.191,22.46,61.13,31.31,0.3058,87.97,Normal,No
21.86,781.4,0.138,28.67,54.79,52.65,0.088,87.68,Normal,No
32.4,676.05,0.312,25.14,68.59,64.53,0.2441,83.08,Overloaded,Yes
13.62,863.79,0.117,28.43,59.88,54.73,0.1295,95.08,Normal,No
1.3,986.99,0.078,20.05,64.99,50.06,0.286,92.65,Normal,No
70.5,294.98,0.661,42.85,48.8,102.69,0.9698,3.1,Critical,Yes
25.27,747.3,0.315,28.57,68.33,57.75,0.3505,71.66,Overloaded,Yes
9.04,909.58,0.077,30.51,61.75,34.2,0.2037,92.31,Normal,No
15.63,843.73,0.287,26.96,58.1,31.26,0.0689,87.81,Normal,No
0.81,991.88,0.236,28.68,52.04,50.9,0.0964,89.52,Normal,No
6.22,937.76,0.143,23.06,57.33,40.19,0.346,85.84,Normal,No
3.55,964.45,0.063,27.51,50.82,50.91,0.2036,92.91,Normal,No
14.04,859.6,0.093,22.37,54.78,44.84,0.113,86.74,Normal,No
24.25,757.47,0.055,29.63,61.82,37.43,0.0907,87.18,Normal,No
17.44,825.64,0.211,29.39,64.06,47.3,0.0968,88.65,Normal,No
43.69,563.12,0.402,35.73,59.61,71.04,0.472,57.76,Overheating_Risk,Yes
2.26,977.4,0.287,23.1,55.06,40.06,0.0654,92.45,Normal,No
3.08,969.17,0.15,24.21,61.59,50.08,0.096,90.5,Normal,No
9.33,906.66,0.088,29.58,60.61,34.76,0.16,86.59,Normal,No
81.99,180.13,0.649,49.86,69.03,91.71,0.9893,36.45,Critical,Yes
13.85,861.48,0.094,24.54,62.65,46.11,0.2452,98,Normal,No
22.35,776.51,0.28,21.14,58.16,48.51,0.2771,94.1,Normal,No
65.84,341.62,0.919,47.2,34.31,93.91,0.787,13.5,Critical,Yes
20.72,792.77,0.29,29.9,63.59,59.9,0.6509,47.54,Bearing_Wear,Yes
24.82,751.81,0.448,22.82,74.24,65.28,0.5503,74.35,Bearing_Wear,Yes
2.43,975.66,0.126,27.66,55.25,53.21,0.0697,93.24,Normal,No
14.77,852.28,0.213,23.07,55.47,51.09,0.1085,97.4,Normal,No
33.44,665.6,0.414,33.42,50.19,56.38,0.3669,70.8,Overloaded,Yes
48.66,513.36,0.463,36.43,48.63,79.28,0.2619,65.38,Overheating_Risk,Yes
22.03,779.69,0.138,21,60.87,37.79,0.2849,91.64,Normal,No
12.13,878.68,0.244,24.59,56.65,39.4,0.1602,92.89,Normal,No
20.22,797.8,0.14,26.29,60.06,36.74,0.1333,99,Normal,No
48.94,510.59,0.352,31.66,45.88,58.54,0.5529,59.1,Bearing_Wear,Yes
8.99,910.14,0.07,22.32,64.26,40.22,0.19,85.79,Normal,No
0.94,990.61,0.229,26.46,57.63,36.08,0.2734,87.52,Normal,No
4.75,952.52,0.165,23.44,53.71,46.13,0.2453,97.37,Normal,No
10.44,895.57,0.068,23.28,64.7,44.91,0.2629,85.11,Normal,No
12.96,870.45,0.059,26.83,63.81,54.21,0.2122,91.87,Normal,No
23.63,763.75,0.218,20.78,56.99,36.01,0.1909,91.83,Normal,No
33.73,662.68,0.354,24.63,57.59,61.6,0.316,68.46,Overloaded,Yes
23.39,766.12,0.278,22.51,50.59,48.53,0.2983,99.52,Normal,No
22.25,777.54,0.2,26.36,50.42,36.17,0.1879,94.43,Normal,No
13.93,860.69,0.236,23.36,58.47,32.2,0.1741,96.25,Normal,No
17.34,826.65,0.298,23.33,57.47,38.24,0.1822,97.85,Normal,No
17.11,828.95,0.271,22.44,63.1,31.49,0.3166,89.94,Normal,No
7.86,921.35,0.178,31.29,50.72,38.81,0.307,90.94,Normal,No
4.98,950.21,0.156,24.63,63.73,49.05,0.2015,99.83,Normal,No
11.63,883.68,0.065,23.15,56.54,33.92,0.3343,96.5,Normal,No
6.71,932.93,0.198,28.66,64.12,52.04,0.2046,96.62,Normal,No
79.68,203.25,0.821,41.15,36.31,95.89,0.8344,0.84,Critical,Yes
18.07,819.29,0.058,27.14,58.09,54.22,0.1953,85.95,Normal,No
42.07,579.32,0.444,37.94,57.91,49.61,0.672,46.69,Bearing_Wear,Yes
15.39,846.14,0.151,20.49,55.21,36.63,0.2558,99.23,Normal,No
29.02,709.79,0.422,22.89,58.45,46.41,0.3835,79.16,Overloaded,Yes
46.32,536.82,0.438,31.66,74.07,61.42,0.6774,58.1,Bearing_Wear,Yes
2.93,970.73,0.182,21.52,58.89,42.06,0.2368,85.15,Normal,No
4.87,951.29,0.173,31.41,55.75,40.61,0.2644,94.06,Normal,No
7.47,925.27,0.153,22.61,64.49,33.27,0.1616,85.39,Normal,No
5.54,944.56,0.245,22.41,51.2,41.86,0.053,86.27,Normal,No
42.31,576.95,0.543,44.15,64.91,75.25,0.1683,62.4,Overheating_Risk,Yes
53.82,461.8,0.43,29.15,51.99,65.36,0.6181,74.33,Bearing_Wear,Yes
65.45,345.51,0.69,42.12,69.63,85.61,0.7333,39.94,Critical,Yes
0.62,993.8,0.259,24.38,62.62,43.87,0.3205,98.89,Normal,No
25.14,748.64,0.311,26.01,61.73,62.77,0.265,75.17,Overloaded,Yes
17.54,824.6,0.551,44.67,44.4,72.42,0.1801,54.57,Overheating_Risk,Yes
12.57,874.3,0.086,25.3,55.01,43.05,0.2257,85.13,Normal,No
19.03,809.75,0.228,24.4,50.79,48.87,0.3366,88.6,Normal,No
29.85,701.47,0.328,31.23,48.87,52.12,0.3243,74,Overloaded,Yes
9.66,903.38,0.155,26.75,50.09,31.96,0.3144,86.17,Normal,No
48.27,517.28,0.472,24.87,56.11,57.07,0.6645,72.97,Bearing_Wear,Yes
18.49,815.11,0.072,28.03,56.15,41.77,0.0647,87.87,Normal,No
51.62,483.79,0.309,25.43,56.52,65.63,0.6247,49.53,Bearing_Wear,Yes
2.94,970.62,0.113,31.05,58.72,43.34,0.2289,90.49,Normal,No
20.18,798.22,0.181,21.4,51.94,43.42,0.331,89.63,Normal,No
21.74,782.61,0.241,22.97,50.55,32.55,0.2685,88,Normal,No
34.85,651.49,0.326,33.06,48.4,52.19,0.5455,58.93,Bearing_Wear,Yes
37.28,627.25,0.326,34.93,62.32,56.12,0.3249,70.3,Overloaded,Yes
3.46,965.4,0.216,26.3,59.59,38.45,0.3221,93.81,Normal,No
2.14,978.65,0.162,29.08,61.91,42.36,0.3184,89.02,Normal,No
26.42,735.76,0.575,43.96,59,77.88,0.1811,65.27,Overheating_Risk,Yes
8.02,919.85,0.095,22.87,56.27,36.28,0.1462,87.02,Normal,No
31.85,681.53,0.35,27.95,55.4,62.39,0.6681,66.49,Bearing_Wear,Yes
8.3,917,0.236,21.82,51.95,38.64,0.2923,88.7,Normal,No
1.58,984.19,0.083,30.3,59.51,36.33,0.2166,92.91,Normal,No
16.39,836.14,0.108,30.37,54.64,47.35,0.0548,90.59,Normal,No
8.79,912.07,0.186,20.87,61.85,35.44,0.2531,97.05,Normal,No
33.43,665.72,0.411,32.59,53.89,61.18,0.2237,74.28,Overloaded,Yes
18.63,813.65,0.145,23.63,56.89,50.45,0.329,93.18,Normal,No
16.54,834.63,0.276,21.18,53.48,47.72,0.2971,97.86,Normal,No
26.6,733.96,0.372,39.38,43.08,69.37,0.4203,37.64,Overheating_Risk,Yes
20.69,793.1,0.157,27.15,51.34,38.43,0.0769,99.42,Normal,No
20.18,798.18,0.165,22.68,64,38.61,0.0983,93.45,Normal,No
47.75,522.49,0.351,37.38,67.85,67.57,0.1896,54.96,Overheating_Risk,Yes
37.93,620.72,0.372,37.91,61.98,46.48,0.3982,70.2,Overloaded,Yes
7.19,928.15,0.189,23.65,51.3,30.04,0.1849,97.55,Normal,No
32.89,671.07,0.6,37.87,44.82,67.4,0.2074,44.98,Overheating_Risk,Yes
36.89,631.07,0.436,37.6,50.81,62.63,0.2321,62.82,Overloaded,Yes
21.75,782.49,0.209,21.98,56.45,37.18,0.271,91.8,Normal,No
24.73,752.68,0.064,24.26,57.23,42.58,0.1448,95.94,Normal,No
54.99,450.1,0.479,34.49,70.52,56.52,0.6478,50.62,Bearing_Wear,Yes
30.98,690.23,0.348,29.48,52.14,64.23,0.2282,62.45,Overloaded,Yes
13.17,868.3,0.064,21.33,53.29,41.61,0.18,97,Normal,No
39.58,604.21,0.457,38.34,46.08,76.61,0.1682,35.45,Overheating_Risk,Yes
51.82,481.78,0.317,22.36,52.07,67.98,0.6579,64.84,Bearing_Wear,Yes
12.06,879.44,0.18,31.7,64.49,35.38,0.2933,87.96,Normal,No
5.34,946.62,0.219,24.86,63.97,32.23,0.2035,98.78,Normal,No
22.6,773.97,0.089,24.4,59.29,33.98,0.3404,98.72,Normal,No
27.5,724.96,0.318,23.37,67.74,48.87,0.2541,71.22,Overloaded,Yes
14.98,850.25,0.068,22.72,63.97,52.71,0.2844,85.29,Normal,No
8.18,918.25,0.207,23.3,63.64,45.85,0.0716,98.64,Normal,No
58.31,416.89,0.177,29.58,54.1,51.79,0.4539,60.23,Bearing_Wear,Yes
48.32,516.81,0.476,35.83,56.7,70.1,0.4496,50.21,Overheating_Risk,Yes
4.82,951.79,0.098,29.23,53.98,49.18,0.1118,89.83,Normal,No
38.62,613.81,0.48,36.77,51.21,50.75,0.4448,57.85,Bearing_Wear,Yes
11.51,884.85,0.275,31.16,55.75,42.29,0.3189,97.1,Normal,No
20.15,798.54,0.262,27.59,51.89,45.99,0.4113,62.52,Bearing_Wear,Yes
6.56,934.37,0.063,22.77,62.03,51.29,0.1949,91.24,Normal,No
24.45,755.54,0.1,22.58,54.38,34.32,0.1638,98.66,Normal,No
44.61,553.86,0.294,36.82,46.45,46.31,0.5698,61.54,Bearing_Wear,Yes
0.99,990.11,0.151,27.79,60.47,45.95,0.1462,86.4,Normal,No
10.68,893.22,0.082,31.37,57.13,37.93,0.2799,92.47,Normal,No
29.65,703.49,0.422,35.87,61.83,45.94,0.2916,79.08,Overloaded,Yes
27.05,729.52,0.334,36.12,45.5,60.05,0.2684,71.17,Overloaded,Yes
25.11,748.94,0.423,27.76,58.52,58.55,0.3257,83.9,Overloaded,Yes
32.97,670.3,0.36,37.26,61.05,50.96,0.1816,81.06,Overloaded,Yes
9.05,909.45,0.215,25.65,52.98,45.04,0.0682,91.2,Normal,No
13.67,863.35,0.159,28.98,62.42,49.28,0.0616,87.91,Normal,No
13.42,865.85,0.284,30.02,62.64,37.58,0.1788,92.06,Normal,No
3.93,960.66,0.058,31.36,53.61,36,0.075,98.93,Normal,No
33.19,668.11,0.517,44.12,47.1,74.32,0.1636,41.54,Overheating_Risk,Yes
20.78,792.19,0.242,24.21,55.65,43.34,0.0501,88.62,Normal,No
5.21,947.94,0.113,29.67,54.2,34.79,0.2013,97.98,Normal,No
6.03,939.66,0.07,24.28,61.21,43.77,0.295,99.39,Normal,No
41.71,582.94,0.501,39.93,36.4,79.76,0.2842,40.33,Overheating_Risk,Yes
16.67,833.32,0.121,27.03,58.8,41.14,0.3008,88.97,Normal,No
11.22,887.84,0.184,27.96,61.76,39.87,0.2438,87.26,Normal,No
23.32,766.84,0.146,28.75,50.31,35.13,0.1961,98.17,Normal,No
32.91,670.91,0.439,29.74,57.26,47.39,0.3507,66.17,Overloaded,Yes
22.49,775.1,0.278,31.32,57.8,46.93,0.2836,86.97,Normal,No
34.04,659.62,0.359,39.98,40.42,67.74,0.2778,50.14,Overheating_Risk,Yes
34.93,650.73,0.369,40.04,41.39,73.61,0.3731,54.48,Overheating_Risk,Yes
18.46,815.43,0.134,29.18,56.49,42.1,0.2444,85.28,Normal,No
34.81,651.9,0.393,26.96,47.14,46.82,0.3808,77.23,Overloaded,Yes
15.08,849.16,0.439,40.92,64.25,65.65,0.2328,66.14,Overheating_Risk,Yes
25.14,748.63,0.33,37.34,60.34,50.23,0.1667,60.7,Overloaded,Yes
6.12,938.81,0.27,24.99,60.81,52.96,0.1724,87.87,Normal,No
12.93,870.72,0.277,29.65,50.99,47.31,0.2216,98.61,Normal,No
26.84,731.63,0.38,36.07,55.25,54.64,0.1676,66.95,Overloaded,Yes
8.11,918.87,0.286,23.39,56.91,46.78,0.0987,92.3,Normal,No
36.08,639.22,0.43,32.02,61.73,47.53,0.3864,63.31,Overloaded,Yes
40.99,590.13,0.416,44.34,60.2,76.31,0.2267,50.51,Overheating_Risk,Yes
34.71,652.87,0.542,36.04,68.68,78.35,0.2446,63.8,Overheating_Risk,Yes
12.96,870.42,0.165,23.77,58.71,48.25,0.1733,94.44,Normal,No
17.48,825.17,0.228,20.62,62.9,41.46,0.1287,88.63,Normal,No
76.91,230.95,0.955,43.78,67.49,82.9,0.938,39.67,Critical,Yes
50.82,491.82,0.224,29.03,52.01,52.29,0.634,66.99,Bearing_Wear,Yes
5.7,942.97,0.281,27.11,55.7,42.55,0.2315,93.4,Normal,No
29.46,705.44,0.476,36.76,63.45,73.13,0.1959,61.82,Overheating_Risk,Yes
57.3,427.02,0.482,26.64,49.07,55.55,0.4338,72.69,Bearing_Wear,Yes
4.59,954.11,0.113,24.88,55.75,49.87,0.1869,87.56,Normal,No
6.68,933.2,0.177,21.77,59.17,44.14,0.2644,99.07,Normal,No
22.81,771.94,0.287,22.94,51.97,37.56,0.3185,99.58,Normal,No
21.48,785.17,0.078,31.37,56.35,30.23,0.1827,85.69,Normal,No
13.6,864.03,0.135,25.68,59.2,51.72,0.2486,91.51,Normal,No
52.78,472.23,0.467,22.16,60.96,48.54,0.4141,63.4,Bearing_Wear,Yes
21.57,784.31,0.091,29.75,62.8,52.86,0.1296,98.56,Normal,No
8.02,919.83,0.188,20.61,50.66,48.01,0.1833,88.84,Normal,No
4.76,952.4,0.217,20,62.09,31.98,0.1074,90.79,Normal,No
12.12,878.79,0.139,23.85,64.46,46.04,0.057,91.45,Normal,No
45,550,0.425,35.95,61.54,74.09,0.3496,36.88,Overheating_Risk,Yes
3.51,964.88,0.206,22.49,57.56,43.62,0.1351,99.23,Normal,No
21.06,789.38,0.231,20.94,51.59,42.32,0.0982,99.67,Normal,No
27.38,726.22,0.373,27.83,60.98,47.58,0.2576,66.87,Overloaded,Yes
22.19,778.06,0.06,30.96,62.49,37.44,0.2868,85.47,Normal,No
24.17,758.28,0.182,23.64,55.44,31.66,0.3468,85.59,Normal,No
16.37,836.27,0.161,31.39,53.69,43.3,0.1947,95.54,Normal,No
1.7,983,0.098,22.57,61.07,34.73,0.222,88.23,Normal,No
21.54,784.59,0.286,26.22,55.28,35.85,0.0649,89.03,Normal,No
16.36,836.44,0.183,31.33,55.94,47.35,0.1968,92.69,Normal,No
6.69,933.06,0.164,25.65,60.6,53.52,0.1488,85.63,Normal,No
29.85,701.48,0.486,36.68,61.62,79.77,0.481,41.9,Overheating_Risk,Yes
21.88,781.16,0.226,25.45,58.11,51.24,0.194,90.6,Normal,No
12.33,876.69,0.195,22.27,63.51,46.85,0.24,86.49,Normal,No
34.06,659.37,0.318,23.26,58.18,53.06,0.2972,62.23,Overloaded,Yes
10.77,892.25,0.094,31.85,58.42,47.19,0.1476,86.42,Normal,No
39.64,603.62,0.343,28.78,61.25,45.49,0.3526,73.41,Overloaded,Yes
6.96,930.45,0.065,21.95,63.43,47.15,0.125,85.98,Normal,No
84.17,158.28,0.829,44.05,48.18,86.5,1.0348,38.83,Critical,Yes
4.39,956.07,0.199,25.09,56.7,36.35,0.2975,92.28,Normal,No
13.59,864.15,0.126,22.18,51.29,47.85,0.1089,95.35,Normal,No
9.76,902.41,0.154,25.63,55.52,32.52,0.1429,94.96,Normal,No
83.3,166.98,0.714,44.6,39.67,86.31,0.7115,35.87,Critical,Yes
5.27,947.32,0.107,23.36,51.91,45.98,0.0725,87.01,Normal,No
16.12,838.81,0.135,28.5,58.36,36.4,0.2452,86.74,Normal,No
13.41,865.9,0.159,23.21,59.06,51.78,0.3497,94.12,Normal,No
31.07,689.29,0.334,26.11,56.99,52.35,0.3785,69.21,Overloaded,Yes
9.34,906.64,0.146,30.04,59.76,45.35,0.1502,97.27,Normal,No
11.53,884.65,0.568,40.13,48.94,72.46,0.3836,35.45,Overheating_Risk,Yes
21.79,782.11,0.162,24.12,52.07,40.99,0.1989,91.05,Normal,No
16.97,830.33,0.155,31.54,58.99,50.19,0.0828,90.96,Normal,No
8.42,915.79,0.192,30.33,51.18,31.81,0.3051,88.19,Normal,No
16.72,832.81,0.186,29.99,51.88,33.24,0.217,99.2,Normal,No
10.37,896.25,0.132,27.28,63.96,50.92,0.3486,85.34,Normal,No
2.82,971.79,0.202,29.85,54.28,35.98,0.2861,85.85,Normal,No
34.78,652.25,0.327,30.09,66.86,50.65,0.5838,60.49,Bearing_Wear,Yes
13.69,863.1,0.21,23.11,51.27,32.98,0.1174,92.5,Normal,No
21.01,789.89,0.225,29.47,55.26,40.12,0.1681,87.88,Normal,No
1.53,984.7,0.198,31.87,52.5,31.17,0.2839,88.79,Normal,No
20.74,792.59,0.226,31.35,56.13,46.55,0.1895,94.46,Normal,No
11.24,887.6,0.097,26.09,57.93,50.27,0.2707,94.96,Normal,No
2.83,971.65,0.23,26,63.41,53,0.0665,97.31,Normal,No
0.94,990.58,0.142,26.51,52.22,48.66,0.0525,87.53,Normal,No
43.23,567.68,0.4,36.5,66.16,60.15,0.5183,40.04,Bearing_Wear,Yes
14.81,851.94,0.484,41.75,49.61,75.96,0.3327,37.6,Overheating_Risk,Yes
4.8,952,0.26,28.7,63.42,32.94,0.3471,88.14,Normal,No
0.29,997.06,0.299,23.37,60.02,34.42,0.2241,98.56,Normal,No
29.8,701.97,0.401,25.01,60.62,51.73,0.2028,67.83,Overloaded,Yes
4.47,955.29,0.275,24.77,53.68,41.21,0.1462,96.17,Normal,No
24.28,757.2,0.16,30.33,58.49,33.93,0.2572,92.7,Normal,No
16.27,837.35,0.272,25.29,63.52,48.77,0.1966,94.05,Normal,No
29.88,701.16,0.448,32.68,46.1,51.53,0.3058,61.41,Overloaded,Yes
25.36,746.42,0.368,27.32,55.96,50.25,0.1912,77.23,Overloaded,Yes
12.86,871.36,0.1,23.84,58.88,31.81,0.0942,86.1,Normal,No
20.31,796.92,0.238,29.04,60.74,46.73,0.1931,94.63,Normal,No
0.96,990.41,0.205,29.33,57.51,38.94,0.1332,94.64,Normal,No
35.39,646.08,0.431,27.48,64.24,56.23,0.3707,73.2,Overloaded,Yes
12.94,870.59,0.194,28.99,64.47,31.84,0.066,99.06,Normal,No
13.25,867.53,0.204,25.79,51.4,49.2,0.2742,89.68,Normal,No
32.25,677.5,0.443,21.3,71.43,47.7,0.5779,72.76,Bearing_Wear,Yes
16.95,830.47,0.154,28.27,55.16,36.93,0.349,96.26,Normal,No
34.67,653.29,0.353,22.79,45.78,56.08,0.3405,73.43,Overloaded,Yes
21.02,789.8,0.058,24.4,53.56,41.18,0.0717,99.31,Normal,No
5.58,944.19,0.281,25.11,64.78,43.85,0.3292,85.08,Normal,No
18.71,812.94,0.276,21.68,51.44,40.61,0.3301,93.14,Normal,No
32.91,670.88,0.321,22.01,65.25,46.75,0.3085,82.87,Overloaded,Yes
28.35,716.54,0.383,21.42,63.11,44.92,0.6208,50.54,Bearing_Wear,Yes
38.54,614.64,0.36,23.08,67.25,49.08,0.5987,45.54,Bearing_Wear,Yes
17.2,827.97,0.082,25.1,53.71,48.71,0.1286,98.23,Normal,No
38.38,616.23,0.329,31.82,47.19,52.83,0.3283,76.49,Overloaded,Yes
15.62,843.82,0.121,24.54,51.54,47.98,0.2012,95.63,Normal,No
6.22,937.76,0.131,24.01,50.39,38.53,0.291,98.46,Normal,No
30.73,692.71,0.464,35.31,65.77,65.2,0.4807,52.12,Overheating_Risk,Yes
8.55,914.52,0.281,20.29,58.72,43.72,0.1158,91.43,Normal,No
16.31,836.93,0.232,20.01,64.05,34.11,0.1201,88.95,Normal,No
0.95,990.54,0.081,31.84,54.73,32.88,0.0821,95.79,Normal,No
21.36,786.36,0.114,20.25,53.35,31.41,0.081,91.47,Normal,No
5.75,942.52,0.179,23.04,64.11,52.65,0.22,90.32,Normal,No
9.53,904.71,0.153,28.73,56.77,51.42,0.3332,90.04,Normal,No
14.02,859.83,0.074,22.41,56.2,35.16,0.313,87.37,Normal,No
28.23,717.74,0.501,41.92,48.41,78.04,0.3489,50.38,Overheating_Risk,Yes
22.69,773.1,0.313,34.77,63.44,64.96,0.5482,44.15,Bearing_Wear,Yes
0.34,996.59,0.126,28.38,61.85,37.39,0.1987,91.32,Normal,No
10.26,897.37,0.108,21.64,52.95,31.38,0.1094,85.14,Normal,No
15.68,843.19,0.129,31.68,52.91,38.65,0.1574,85.13,Normal,No
20.98,790.2,0.058,31.28,63.38,43.39,0.2131,94.81,Normal,No
9.68,903.24,0.212,20.54,50.81,41.43,0.2149,98.32,Normal,No
26.57,734.3,0.423,25.36,54.85,51.33,0.25,63.76,Overloaded,Yes
12.59,874.11,0.25,25.3,57.36,51.22,0.2618,92.36,Normal,No
6.44,935.58,0.271,26.92,53.32,36.73,0.2909,85.66,Normal,No
24.8,751.98,0.083,29.55,55.92,42.31,0.3142,91.19,Normal,No
13.44,865.63,0.062,20.03,53.67,47.01,0.0864,86.71,Normal,No
26.44,735.62,0.512,42.12,41.25,66.19,0.4791,44.12,Overheating_Risk,Yes
54.13,458.66,0.452,33.91,50.07,64.65,0.6308,60.89,Bearing_Wear,Yes
8.43,915.7,0.116,21.46,57.65,44.63,0.1578,92.13,Normal,No
34.54,654.59,0.374,36.22,49.92,51.44,0.4423,61.87,Bearing_Wear,Yes
18.22,817.78,0.283,23.35,64.25,31.58,0.2309,85.86,Normal,No
45.75,542.49,0.482,41.69,64.11,67.25,0.1635,65.76,Overheating_Risk,Yes
32.6,674.03,0.195,28.43,62.95,40.93,0.4825,41.15,Bearing_Wear,Yes
10.51,894.92,0.274,31.79,59.56,34.04,0.3218,92.74,Normal,No
3.84,961.56,0.28,29.09,60.98,47.73,0.1101,88.17,Normal,No
17.21,827.93,0.105,25.26,61.73,49.6,0.186,96.88,Normal,No
20.97,790.34,0.214,22.74,54.11,37.87,0.085,89.1,Normal,No
28.14,718.57,0.368,36.54,47.61,59.41,0.3218,62.39,Overloaded,Yes
23.06,769.36,0.192,24.36,61.35,36.43,0.2581,85.6,Normal,No
20.99,790.15,0.162,27.64,53.32,46.93,0.2817,92.1,Normal,No
44.71,552.91,0.31,36.09,59.94,65.25,0.6404,54.37,Bearing_Wear,Yes
68.05,319.47,0.762,48.26,41.38,95.73,1.103,14.14,Critical,Yes
16.06,839.45,0.111,21.31,61.92,32.47,0.1314,97.83,Normal,No
8.66,913.38,0.293,31.76,54.02,31.02,0.2615,91.76,Normal,No
2.52,974.81,0.227,20.37,63.05,33.47,0.0882,87.64,Normal,No
24.01,759.93,0.223,29.62,55.96,38.41,0.1203,92.21,Normal,No
32.07,679.27,0.508,37.57,68.2,67.55,0.488,35.52,Overheating_Risk,Yes
12.03,879.72,0.133,25.39,58.56,40.89,0.1745,95.99,Normal,No
17.15,828.53,0.258,23,59.14,44.63,0.1609,92.29,Normal,No
7.84,921.55,0.085,22.57,51.58,47.08,0.2482,99.26,Normal,No
18.24,817.58,0.063,30.61,62.94,41.08,0.2258,99.64,Normal,No
32.98,670.15,0.436,23.33,49.78,53.82,0.2962,80.41,Overloaded,Yes
59.53,404.7,0.286,20.85,69.04,58.13,0.4596,57.32,Bearing_Wear,Yes
18.56,814.42,0.243,26,54.58,54.34,0.249,91.12,Normal,No
7.01,929.88,0.233,22.91,52.58,43.25,0.137,94.43,Normal,No
2.95,970.52,0.214,23.4,50,33.17,0.3301,98.01,Normal,No
19.34,806.56,0.545,41.09,68.98,70.6,0.3885,37.22,Overheating_Risk,Yes
25.85,741.5,0.591,40.39,45.08,66.8,0.3962,57.57,Overheating_Risk,Yes
9.35,906.52,0.288,20.27,54.56,53.03,0.1463,88.78,Normal,No
33.01,669.87,0.424,23.65,68.58,60.9,0.1953,77.8,Overloaded,Yes
30.77,692.26,0.36,34.53,69.07,47.53,0.2552,72.02,Overloaded,Yes
9.41,905.92,0.141,20.63,60.28,40.91,0.1084,97.24,Normal,No
42.1,578.98,0.472,37.98,57.33,69.32,0.2326,60.57,Overheating_Risk,Yes
1.01,989.92,0.074,20.08,52.29,31.72,0.3487,89.33,Normal,No
3.73,962.68,0.11,31.23,57.8,39.12,0.312,90.92,Normal,No
8.38,916.25,0.102,24.53,54.75,46.93,0.1369,93.66,Normal,No
1.65,983.53,0.098,24.89,64.05,39.43,0.2492,88.83,Normal,No
3.18,968.24,0.065,23.66,52.36,34.35,0.2782,85.24,Normal,No
33.37,666.33,0.357,30.1,59.07,51.27,0.2238,78.34,Overloaded,Yes
21.78,782.18,0.098,21.17,63.47,38.75,0.2154,90.39,Normal,No
26.89,731.13,0.388,30.4,50.07,54.04,0.3492,74.76,Overloaded,Yes
2.42,975.77,0.187,28.43,61.89,45.73,0.0958,95.65,Normal,No
16.93,830.66,0.056,24.94,54.99,46.74,0.1148,93.86,Normal,No
22.83,771.7,0.249,31.06,64.68,30.27,0.2368,91.19,Normal,No
21.5,785.04,0.113,31.77,59.21,49.84,0.0757,87.75,Normal,No
36.38,636.24,0.303,35.07,45.35,58.14,0.2413,75.29,Overloaded,Yes
17.4,825.99,0.136,21.3,51.04,44.72,0.2062,96.13,Normal,No
12.74,872.57,0.156,24.78,50.4,38.39,0.3428,98.1,Normal,No
8.23,917.66,0.197,30.17,56.62,30.45,0.0724,92.66,Normal,No
39.54,604.58,0.404,23.13,49.73,60.43,0.3604,75.44,Overloaded,Yes
35.78,642.23,0.357,43.29,62.59,68.89,0.398,42.52,Overheating_Risk,Yes
25.6,743.95,0.33,24.86,53.44,53.37,0.2771,71.92,Overloaded,Yes
6.77,932.33,0.057,27.26,55.94,37.47,0.3101,96.2,Normal,No
21.44,785.56,0.174,21.57,60.44,35.15,0.1824,85.98,Normal,No
20.63,793.67,0.081,30.84,62.96,41.61,0.2733,94.29,Normal,No
20.08,799.23,0.158,29.43,56.94,53.52,0.1959,91.94,Normal,No
19.63,803.73,0.255,26.65,52.7,41.69,0.3404,96.29,Normal,No
20.28,797.21,0.058,25.61,59.7,50.75,0.0648,97.79,Normal,No
13.71,862.9,0.099,23.81,54.23,43.27,0.0655,87.38,Normal,No
20.32,796.83,0.083,22.8,56.8,42.93,0.2791,91.71,Normal,No
51.59,484.05,0.366,22.04,49.69,53.11,0.5191,66.02,Bearing_Wear,Yes
14.52,854.82,0.147,22.05,53.4,44.39,0.177,92.72,Normal,No
4.27,957.33,0.216,30.23,53.87,42.29,0.3427,90,Normal,No
33.93,660.74,0.314,31.7,47.24,64.18,0.3289,79.7,Overloaded,Yes
17.6,823.97,0.197,25.4,62.88,53.92,0.1997,98.97,Normal,No
33.75,662.5,0.381,29.27,50.23,45.07,0.2104,72.74,Overloaded,Yes
9.5,905.01,0.162,31.77,55.25,41.3,0.0901,85.72,Normal,No
19.39,806.15,0.193,29.13,52.25,44.3,0.1261,88.42,Normal,No
20.46,795.39,0.196,25.57,48.51,69.58,0.4926,44.56,Bearing_Wear,Yes
27.96,720.37,0.356,21.15,70.87,68.84,0.474,55.75,Bearing_Wear,Yes
25.33,746.68,0.396,28.62,51.75,49.14,0.3135,70.41,Overloaded,Yes
4.49,955.09,0.222,26.78,62.88,32.94,0.2857,95.1,Normal,No
2.88,971.25,0.224,25.3,64.17,33.54,0.2429,90.73,Normal,No
23.92,760.8,0.132,31.55,63.52,36.76,0.2911,99.93,Normal,No
6.32,936.83,0.159,26.24,54.42,30.38,0.116,89.23,Normal,No
27.74,722.56,0.393,43.73,59.67,66.28,0.3775,57.88,Overheating_Risk,Yes
23.91,760.94,0.051,22.98,63.92,53.3,0.2662,96.49,Normal,No
63.2,367.98,0.806,42.32,39.06,104.31,0.7675,18.75,Critical,Yes
23.46,765.36,0.096,31.74,64.91,43.89,0.101,89.74,Normal,No
10.61,893.88,0.127,23.37,64.58,33.83,0.27,85.01,Normal,No
14.9,850.95,0.279,23.46,52.78,46.29,0.2638,95.32,Normal,No
22.77,772.27,0.413,44.56,67.32,71.86,0.4462,50.83,Overheating_Risk,Yes
31.37,686.34,0.324,28.82,58.44,45.45,0.261,79.53,Overloaded,Yes
47.2,527.98,0.372,36.37,45.54,56.71,0.6362,58.95,Bearing_Wear,Yes
29.86,701.42,0.32,36.2,56.77,62.56,0.2965,76.85,Overloaded,Yes
37.06,629.36,0.399,28.37,57.84,61.06,0.2434,69.7,Overloaded,Yes
23.83,761.72,0.47,21.64,64.45,52.4,0.5217,63.78,Bearing_Wear,Yes
1.68,983.23,0.198,29.26,62.42,34.26,0.3192,94.84,Normal,No
22.05,779.54,0.171,26.5,63.79,52.5,0.1844,89.12,Normal,No
9.83,901.71,0.147,23.44,54.03,51.53,0.071,95.16,Normal,No
66.05,339.51,0.738,40.62,43.5,103.05,1.1425,8.86,Critical,Yes
28.54,714.58,0.468,43.74,61.7,72.7,0.3848,64.66,Overheating_Risk,Yes
0.24,997.62,0.151,30.89,61.1,43.57,0.2089,90.22,Normal,No
32.81,671.92,0.398,28.69,62.85,62.22,0.1887,71.29,Overloaded,Yes
26.32,736.79,0.522,37.5,57.41,78.16,0.2963,66.89,Overheating_Risk,Yes
24.83,751.71,0.077,22.8,64.26,53.96,0.0793,85.22,Normal,No
4.03,959.72,0.299,22.16,57.54,51.21,0.0561,94.07,Normal,No
21.08,789.19,0.566,37.83,59.04,75.11,0.2275,36.22,Overheating_Risk,Yes
10.23,897.69,0.122,29.71,62.01,41.43,0.232,94.06,Normal,No
37.41,625.93,0.364,26.41,51.63,55.72,0.2623,71,Overloaded,Yes
2.28,977.22,0.23,22.56,52.95,40.32,0.1183,93.76,Normal,No
24.86,751.41,0.462,40.37,42.12,67.34,0.4581,50.18,Overheating_Risk,Yes
74.42,255.77,0.614,44.98,57.71,96.77,1.0535,7.1,Critical,Yes
20.09,799.11,0.553,44.47,39.76,72.46,0.225,37.1,Overheating_Risk,Yes
8.14,918.62,0.086,28.52,58.01,33.6,0.0528,97.12,Normal,No
27.05,729.52,0.362,26.06,62.56,49.47,0.4261,47.8,Bearing_Wear,Yes
27.52,724.78,0.3,31.85,52.91,40.36,0.5557,61.2,Bearing_Wear,Yes
24.07,759.28,0.197,25.65,58.6,53.2,0.2985,89.84,Normal,No
29.49,705.1,0.242,29.08,67.32,55.1,0.4203,65.33,Bearing_Wear,Yes
20.15,798.51,0.122,27.97,56.4,52.23,0.3036,92.88,Normal,No
17.29,827.12,0.271,25.95,54.7,48.84,0.116,90.83,Normal,No
21.64,783.57,0.231,24.85,53.22,38.9,0.1352,87.64,Normal,No
18.58,814.17,0.113,25.45,55.79,54.55,0.1673,86.2,Normal,No
2.25,977.54,0.198,27.19,56.28,40.8,0.0662,92.75,Normal,No
32.57,674.29,0.322,23.66,48.09,47.02,0.3024,64.91,Overloaded,Yes
6.29,937.14,0.093,31.49,62.82,35.76,0.1483,88.15,Normal,No
32.38,676.22,0.303,32.74,58.08,62.97,0.1911,80.1,Overloaded,Yes
19.8,802.01,0.082,24.78,52.55,36.37,0.129,93.34,Normal,No
10.29,897.15,0.287,21.52,64.61,35.77,0.2819,90.08,Normal,No
3.58,964.23,0.264,23.71,59.88,44.16,0.1915,92.44,Normal,No
49.29,507.1,0.181,32.03,71.87,41.73,0.4422,65.08,Bearing_Wear,Yes
10.93,890.68,0.151,21.64,57.6,33.16,0.193,96.45,Normal,No
28.87,711.26,0.372,37.87,62.17,61.83,0.2537,79.2,Overloaded,Yes
11.62,883.8,0.381,37.03,49.07,77.69,0.2712,57.91,Overheating_Risk,Yes
35.64,643.6,0.388,27.72,59.43,51.85,0.171,84.82,Overloaded,Yes
3.18,968.2,0.068,30.54,54.53,46.26,0.1487,90.87,Normal,No
6.55,934.47,0.136,24.93,60.81,42.79,0.3331,85.63,Normal,No
30.12,698.77,0.496,44.2,36.72,73.6,0.4488,43.47,Overheating_Risk,Yes
21.91,780.93,0.055,28.79,64,46.43,0.1817,85.67,Normal,No
46.8,531.95,0.468,35.29,59.14,72.23,0.1935,42.5,Overheating_Risk,Yes
1.61,983.88,0.194,27.46,57.59,50.43,0.3083,94.23,Normal,No
10.51,894.9,0.524,39.18,54.79,74.74,0.2726,67.1,Overheating_Risk,Yes
25.36,746.41,0.385,20.08,72.74,43.38,0.4285,51.66,Bearing_Wear,Yes
73.07,269.25,0.686,45.85,52.15,81.03,0.8598,32.42,Critical,Yes
17.24,827.57,0.231,28.38,54.66,32.49,0.1317,97.48,Normal,No
59.22,407.81,0.323,20.17,49.2,49.66,0.5736,42.63,Bearing_Wear,Yes
23.58,764.16,0.141,30.95,61.71,48.89,0.232,94.4,Normal,No
15.95,840.5,0.207,26.64,64.8,48.31,0.2831,98.09,Normal,No
28.23,717.65,0.313,29.73,57.85,61.58,0.2609,74.27,Overloaded,Yes
31.08,689.17,0.36,41.15,63.98,67.36,0.358,55.78,Overheating_Risk,Yes
65.75,342.54,0.649,49.8,49.69,86.82,0.7857,26.7,Critical,Yes
44.38,556.22,0.375,21.58,71.81,51.68,0.494,56.18,Bearing_Wear,Yes
9.75,902.48,0.266,31.15,54.55,51.6,0.2845,98.96,Normal,No
6.14,938.56,0.194,23.29,62.36,30.13,0.2194,90.09,Normal,No
29.84,701.6,0.397,35.62,60.23,62.06,0.2161,72.99,Overloaded,Yes
11.26,887.37,0.053,26.68,59.92,44.8,0.2709,93.57,Normal,No
1.67,983.31,0.079,27.16,54.12,31.99,0.1789,93.31,Normal,No
8.22,917.81,0.23,27.73,54.99,48.87,0.2446,94.56,Normal,No
13.84,861.64,0.053,28.36,55.64,53.57,0.2954,93.82,Normal,No
6.3,936.95,0.101,24.08,57.15,37.4,0.2045,87.48,Normal,No
24.44,755.57,0.077,31.18,63.7,43.13,0.2675,91.54,Normal,No
15.75,842.49,0.135,23.61,58.67,42.45,0.2239,89.3,Normal,No
9.17,908.26,0.071,20.63,53.8,31.86,0.0811,97.19,Normal,No
61.36,386.39,0.864,42.73,73.58,94.55,0.8528,20.71,Critical,Yes
9.55,904.51,0.191,21.37,64.95,40.64,0.1545,95.65,Normal,No
9.1,909.03,0.258,25.45,60.79,32.69,0.3038,96.04,Normal,No
28.18,718.24,0.322,27.06,69.4,50.14,0.264,60.75,Overloaded,Yes
9.93,900.69,0.193,31.44,57.75,50.48,0.2141,85.61,Normal,No
22.6,774,0.494,44.51,65.07,68.43,0.227,42.04,Overheating_Risk,Yes
56.9,431,0.448,33.95,56.78,55.13,0.5393,48.87,Bearing_Wear,Yes
12.63,873.74,0.058,21.58,63.3,48.79,0.1769,92.76,Normal,No
9.25,907.5,0.235,29.41,61.45,48.07,0.1114,90.07,Normal,No
28.79,712.06,0.433,42.55,46.53,67.07,0.2897,69.3,Overheating_Risk,Yes
19.04,809.65,0.503,39.33,37.49,72.32,0.3958,52.96,Overheating_Risk,Yes
21.8,781.97,0.122,21.03,64.05,39.45,0.2229,96.88,Normal,No
29.86,701.35,0.407,24.17,52.28,47.89,0.3528,65.57,Overloaded,Yes
17.94,820.65,0.286,26.33,58.1,41.53,0.1478,92.13,Normal,No
81.1,189.02,0.994,49.38,73.11,106.67,0.9339,26.3,Critical,Yes
22.38,776.23,0.148,31.54,56.24,45.03,0.2629,99.26,Normal,No
19.78,802.15,0.537,40.21,44.4,76.65,0.3433,58.13,Overheating_Risk,Yes
29.84,701.56,0.372,31.88,55.12,48.97,0.3904,72.79,Overloaded,Yes
36.01,639.91,0.362,27.68,55.18,53.18,0.286,73.59,Overloaded,Yes
12.43,875.71,0.084,25.95,52.54,33.15,0.3298,94.07,Normal,No
16.49,835.13,0.15,30.91,59.57,49.23,0.1606,99.4,Normal,No
20.51,794.88,0.263,22.07,54.06,37.14,0.1313,97.83,Normal,No
0.8,992.03,0.069,23.29,53,35.8,0.2894,93.45,Normal,No
0.14,998.56,0.157,24.89,51.71,46.9,0.2606,95.81,Normal,No
49.14,508.61,0.15,37.17,69.43,67.12,0.4047,72.69,Bearing_Wear,Yes
20.24,797.55,0.259,21.12,61.08,54,0.2536,93.56,Normal,No
23.64,763.59,0.161,27.19,57.15,53.32,0.0728,92.52,Normal,No
84.04,159.57,0.917,45.83,75.45,108.26,0.7322,16.09,Critical,Yes
10.94,890.62,0.432,40.37,66.88,77.7,0.1946,38.26,Overheating_Risk,Yes
33.57,664.29,0.483,37.66,66.48,78.91,0.2909,66.16,Overheating_Risk,Yes
73.44,265.62,0.895,44.76,36.13,107.84,0.927,29.38,Critical,Yes
9.18,908.21,0.055,21.21,57.44,47.25,0.1504,95.43,Normal,No
17.47,825.34,0.226,25.91,63.72,42.23,0.1851,87.99,Normal,No
32.31,676.94,0.165,31.4,52.46,49.12,0.6312,51.45,Bearing_Wear,Yes
28.63,713.67,0.325,34.4,48.24,54.08,0.2767,77.18,Overloaded,Yes
15.83,841.68,0.253,20.54,54.45,37,0.0938,89.34,Normal,No
32.39,676.09,0.333,31.95,56.43,61.58,0.5008,50.16,Bearing_Wear,Yes
13.53,864.7,0.056,20.96,56.27,53.57,0.2665,86.32,Normal,No
21.16,788.42,0.233,27.33,62.3,40.1,0.1165,92.68,Normal,No
13.72,862.79,0.185,26.78,64.23,52.56,0.3127,97.02,Normal,No
23.59,764.14,0.075,23.18,57.43,51.16,0.2015,96.22,Normal,No
3.47,965.26,0.113,28.78,52.47,38.78,0.1295,90.25,Normal,No
17.71,822.92,0.142,26.66,51.5,50.13,0.161,94.73,Normal,No
39.02,609.84,0.402,43.85,56.57,71.43,0.2138,67.98,Overheating_Risk,Yes
18.88,811.23,0.102,24.05,62.15,47.39,0.2797,91.62,Normal,No
17.91,820.88,0.147,22.54,59.49,54.4,0.1432,91.91,Normal,No
36.96,630.4,0.485,43.43,61.66,65.87,0.4994,61.33,Overheating_Risk,Yes
90.24,97.63,0.86,48.56,35.62,90.43,1.1382,8.07,Critical,Yes
23.13,768.7,0.426,35.04,49.88,65.63,0.606,58.2,Bearing_Wear,Yes
53.21,467.9,0.297,23.49,53.55,55.15,0.5594,68.2,Bearing_Wear,Yes
36.87,631.3,0.387,34.49,49.79,46,0.3684,61.89,Overloaded,Yes
6.17,938.33,0.224,24.91,63.14,37.45,0.0536,89.51,Normal,No
14.45,855.48,0.144,26.42,63.15,52.81,0.1298,91.93,Normal,No
13.73,862.71,0.287,31.98,53.53,48.17,0.1634,85.12,Normal,No
0.23,997.69,0.165,25.86,50.34,47.17,0.1382,93.4,Normal,No
7.52,924.77,0.092,24.89,53.48,43.37,0.1096,92.63,Normal,No
27.36,726.39,0.401,34.06,47.76,54.36,0.1677,74.95,Overloaded,Yes
6.61,933.9,0.182,26.21,63.87,43.73,0.2249,91.02,Normal,No
23.73,762.73,0.244,23.42,62.66,40.81,0.2986,97.34,Normal,No
4.72,952.78,0.225,23.49,54.46,37.41,0.2677,88.45,Normal,No
25.01,749.86,0.407,24.74,47.61,49.75,0.245,71.9,Overloaded,Yes
1.11,988.86,0.293,28.59,54.85,37.97,0.1846,94.39,Normal,No
25.85,741.45,0.216,35.47,52.69,51.41,0.6614,63.21,Bearing_Wear,Yes
8.54,914.57,0.221,20.24,61.03,42.18,0.294,99.32,Normal,No
23.14,768.55,0.277,26.15,55.4,41.63,0.257,98.26,Normal,No
5.17,948.25,0.28,29.78,64.68,52.01,0.134,86.59,Normal,No
24.49,755.1,0.252,31.06,69.13,66.98,0.5871,40.2,Bearing_Wear,Yes
4.66,953.42,0.075,24.36,57.52,31.08,0.1545,87.69,Normal,No
34.71,652.94,0.37,29.93,55.69,64.12,0.2037,72.92,Overloaded,Yes
18.4,816,0.189,31.15,55.67,41.59,0.0766,94.13,Normal,No
7.21,927.95,0.09,26.53,57.98,31.9,0.2595,94.36,Normal,No
17.56,824.39,0.467,42.2,53.53,70.93,0.2628,56.36,Overheating_Risk,Yes
57.56,424.36,0.385,21.35,58.82,66.72,0.4283,74.61,Bearing_Wear,Yes
39.24,607.64,0.312,36.93,54.08,61.89,0.2546,71.02,Overloaded,Yes
45.37,546.3,0.421,20.61,62.79,45.6,0.5038,52.18,Bearing_Wear,Yes
38.76,612.38,0.267,21.93,49.37,41,0.5411,73.41,Bearing_Wear,Yes
26.74,732.65,0.442,33.73,60.94,57.91,0.3567,62.67,Overloaded,Yes
40.19,598.1,0.394,30.56,69.98,42.17,0.6072,58.69,Bearing_Wear,Yes
30.69,693.13,0.351,31.93,67.27,54.92,0.3562,70.05,Overloaded,Yes
26.54,734.64,0.309,22.82,54.5,51.74,0.3295,78.57,Overloaded,Yes
25.76,742.37,0.333,26.39,58.69,47.89,0.1835,83.59,Overloaded,Yes
52.17,478.32,0.213,27.32,55.67,63.73,0.5531,44.47,Bearing_Wear,Yes
18.47,815.25,0.149,23.16,55.63,42.44,0.1529,88.63,Normal,No
25.94,740.6,0.355,42.72,40.98,65.66,0.3788,62.09,Overheating_Risk,Yes
42.55,574.47,0.473,37.05,60.8,75.5,0.2362,66.62,Overheating_Risk,Yes
2.61,973.91,0.296,30.32,60.32,53.47,0.2667,87.86,Normal,No
37.69,623.14,0.175,27.01,67.25,51.59,0.4991,60.84,Bearing_Wear,Yes
21.81,781.95,0.062,24.63,52.37,47.38,0.0817,94.97,Normal,No
7.15,928.45,0.1,31.24,50.28,40.94,0.0565,92.25,Normal,No
32.52,674.84,0.348,24.11,54.41,58.45,0.3456,73.27,Overloaded,Yes
14.75,852.54,0.1,23.45,52.43,36.23,0.1175,92.79,Normal,No
42.51,574.92,0.481,23.52,64.25,64.52,0.5681,48.93,Bearing_Wear,Yes
30.5,694.98,0.164,25.5,67.34,41.43,0.4658,64.72,Bearing_Wear,Yes
19.57,804.34,0.164,28.38,55.82,34,0.1694,93.7,Normal,No
23.7,762.99,0.067,26.09,54.93,42.71,0.0572,89.7,Normal,No
20.5,795.03,0.188,25.41,54.28,37.45,0.1649,97.53,Normal,No
39.51,604.92,0.366,28.29,66.16,53.54,0.288,65.77,Overloaded,Yes
86.02,139.77,0.813,48.09,69.04,86.45,1.0578,32,Critical,Yes
30.19,698.08,0.326,22.04,56.27,52.05,0.2887,64.7,Overloaded,Yes
21.49,785.08,0.114,22.72,57.21,42.47,0.1145,89.08,Normal,No
27.55,724.54,0.408,34.32,56.56,59.28,0.334,63.46,Overloaded,Yes
24.15,758.46,0.255,22.45,52.79,33.14,0.0915,96.22,Normal,No
38.79,612.14,0.424,33.43,63.14,60.59,0.4055,50.91,Bearing_Wear,Yes
15.95,840.54,0.052,20.4,62.78,47.1,0.1296,95.32,Normal,No
51.7,483.02,0.257,20.65,72.98,50.36,0.4319,57.21,Bearing_Wear,Yes
19.21,807.88,0.105,23.23,53.64,54.79,0.1092,93.63,Normal,No
92.38,76.16,0.659,49.71,77.37,106.54,0.8073,25.36,Critical,Yes
19.02,809.78,0.297,22.17,61.49,38.47,0.1027,91.32,Normal,No
36.91,630.92,0.37,30.6,69.88,52.98,0.3039,69.13,Overloaded,Yes
25.71,742.89,0.524,44.38,53.98,76.53,0.1812,42.39,Overheating_Risk,Yes
12.55,874.47,0.055,23.03,57.76,30.37,0.1294,92.71,Normal,No
32.93,670.74,0.581,41.45,49.52,78.96,0.4247,42,Overheating_Risk,Yes
26.96,730.37,0.401,30.96,64.74,59.78,0.3063,84.66,Overloaded,Yes
13.34,866.6,0.078,29.94,53.78,49.43,0.3371,95.45,Normal,No
14.9,850.99,0.165,24.37,55.3,45.91,0.2754,95.18,Normal,No
27.98,720.24,0.374,34.67,56.89,55.73,0.3428,76.53,Overloaded,Yes
10.23,897.66,0.274,21.95,64.93,32.97,0.0545,98.35,Normal,No
6.12,938.76,0.232,29.73,62.88,54.79,0.1382,95.65,Normal,No
2.88,971.15,0.152,30.18,55.51,44.78,0.2011,94.69,Normal,No
39.59,604.07,0.308,31.18,66.58,54.63,0.1696,74.01,Overloaded,Yes
8.3,916.98,0.089,30.19,57.82,53.33,0.2918,95.39,Normal,No
10.2,897.99,0.457,36.97,66.88,67.62,0.2501,53.09,Overheating_Risk,Yes
69.22,307.82,0.684,45.99,34.45,81.75,0.8861,28.83,Critical,Yes
79.42,205.82,0.769,45.66,48.27,108.08,0.7275,26.94,Critical,Yes
38.37,616.31,0.421,24.94,52.4,59.34,0.1711,80.3,Overloaded,Yes
17.97,820.27,0.232,21.2,60.77,47,0.2993,85.62,Normal,No
20.92,790.76,0.281,22.68,61.75,67.52,0.5174,69.57,Bearing_Wear,Yes
0.01,999.94,0.092,20.37,54.92,52.7,0.0791,94.1,Normal,No
11.29,887.13,0.285,21.47,53.18,30.74,0.1802,89.17,Normal,No
21.75,782.52,0.201,27.37,57.98,32.3,0.1835,99.99,Normal,No
20.88,791.19,0.273,29.88,51.55,35.69,0.0509,89.55,Normal,No
24.34,756.56,0.315,32.19,71.24,62.48,0.6816,41.89,Bearing_Wear,Yes
25.18,748.17,0.399,26.63,51.34,51.62,0.2174,72.79,Overloaded,Yes
11,889.96,0.178,28.07,55.81,36.28,0.0999,90.24,Normal,No
18.55,814.55,0.239,28,53.51,44.7,0.2212,92.26,Normal,No
79.25,207.51,0.797,45.65,65.78,83.29,1.0748,5.44,Critical,Yes
1.67,983.34,0.294,31.48,50.91,41.08,0.1059,92.28,Normal,No
20.75,792.46,0.288,27.61,55.31,45.08,0.1436,98.65,Normal,No
21.76,782.4,0.19,23.9,54.4,30.84,0.2947,91.76,Normal,No
33.01,669.95,0.315,34.74,48.74,65.73,0.6693,73.13,Bearing_Wear,Yes
30.96,690.38,0.333,27.98,53.32,48.52,0.3018,71.92,Overloaded,Yes
21.64,783.57,0.058,27.73,61.44,48.99,0.3158,95.94,Normal,No
23.2,768.05,0.133,26.04,50.21,30.17,0.122,86.51,Normal,No
28.9,710.97,0.327,22.46,67.73,45.16,0.334,63.8,Overloaded,Yes
38.68,613.17,0.434,32.46,61.81,45.11,0.3962,81.95,Overloaded,Yes
22.38,776.22,0.215,24.14,63.4,37.29,0.2188,86.5,Normal,No
92.27,77.32,0.656,42.25,57.91,102.92,1.0097,9.29,Critical,Yes
0.02,999.76,0.239,31.82,62.15,41.51,0.3211,91.15,Normal,No
13.12,868.77,0.169,25.37,61.63,43.17,0.145,88.87,Normal,No
11.51,884.9,0.496,37.3,40.18,74.81,0.3884,61.33,Overheating_Risk,Yes
12.59,874.11,0.274,31.24,62.11,45.89,0.1411,99.74,Normal,No
29.11,708.88,0.33,29.07,46.42,64.57,0.2971,73.92,Overloaded,Yes
16.39,836.05,0.174,20.38,59.18,47.9,0.175,96.36,Normal,No
5.68,943.25,0.105,21.94,55.58,51.18,0.2984,90.74,Normal,No
80.62,193.81,0.888,42.41,38.41,109.16,1.0088,39.26,Critical,Yes
8.44,915.56,0.226,22.67,53.92,42.8,0.1459,87.51,Normal,No
20.52,794.85,0.359,42.04,52.22,66.41,0.2101,38.59,Overheating_Risk,Yes
15.31,846.85,0.074,29.05,50.31,36.23,0.3172,95.78,Normal,No
1.82,981.76,0.255,25.92,62.7,45.02,0.2545,99.9,Normal,No
5.81,941.92,0.206,25.52,50.59,30.36,0.0858,94.74,Normal,No
33.51,664.93,0.383,22.51,56.73,63.49,0.2494,75.62,Overloaded,Yes
19.5,805.05,0.246,26.23,62.87,39.78,0.3166,88.6,Normal,No
31.21,687.91,0.169,34.32,57.51,46.87,0.4695,71.55,Bearing_Wear,Yes
20.85,791.52,0.188,27.39,57.11,39.79,0.3246,86.88,Normal,No
74.65,253.54,0.738,44.98,52.88,95.57,0.77,20.53,Critical,Yes
6.06,939.4,0.096,20.78,61.44,40.69,0.238,95.91,Normal,No
47.17,528.27,0.315,26.98,56.28,59.2,0.5484,69.72,Bearing_Wear,Yes
54.99,450.12,0.21,22.45,63.91,49.04,0.4056,71.1,Bearing_Wear,Yes
29.08,709.24,0.475,32.91,67.88,46.04,0.4703,58.24,Bearing_Wear,Yes
26.88,731.16,0.257,25.79,49.79,46.16,0.6366,45.85,Bearing_Wear,Yes
21.14,788.62,0.37,37.57,54.94,43.56,0.5711,71.72,Bearing_Wear,Yes
36.76,632.39,0.393,27.04,58.55,46.82,0.3197,78.13,Overloaded,Yes
24.13,758.74,0.115,20.22,58.18,47.67,0.2871,87.91,Normal,No
6.54,934.56,0.178,23.97,62.91,41.84,0.2899,93.71,Normal,No
40.92,590.76,0.433,43.31,44.61,73.19,0.2249,51.64,Overheating_Risk,Yes
29.77,702.27,0.34,37.47,49,60.75,0.396,60.5,Overloaded,Yes
47.96,520.39,0.239,20.73,57.09,68.06,0.4035,60.58,Bearing_Wear,Yes
12.53,874.65,0.268,21.01,60.22,47,0.2507,99.14,Normal,No
20.58,794.23,0.06,25.65,55.97,37.75,0.1854,90.76,Normal,No
10.81,891.92,0.295,21.06,63.83,42.01,0.2371,97.45,Normal,No
30.41,695.93,0.365,28.55,54.37,63.51,0.3572,62.72,Overloaded,Yes
2.7,972.97,0.157,21.18,59.29,33.59,0.2067,85.11,Normal,No
7.91,920.85,0.219,25.81,64.67,51.85,0.1577,85.68,Normal,No
21.14,788.59,0.278,29.85,51.92,54.95,0.1276,95.86,Normal,No
22.7,772.99,0.109,30.9,54.64,54.41,0.1344,99.3,Normal,No
1.34,986.61,0.227,26.39,57.17,35.59,0.2617,87.86,Normal,No
13.82,861.79,0.113,31.47,50.43,34.99,0.1227,91.21,Normal,No
29.31,706.91,0.322,35.7,66.36,57.4,0.4267,64.29,Bearing_Wear,Yes
4.16,958.4,0.247,23,56.26,38.76,0.3076,86.9,Normal,No
14.14,858.59,0.086,28.46,63.58,40.87,0.1964,98.91,Normal,No
13.02,869.75,0.172,26.94,60.34,32.67,0.2963,91.53,Normal,No
1.81,981.91,0.247,24.52,51.51,45.84,0.314,98.32,Normal,No
23.94,760.58,0.267,20.03,55.7,50.46,0.1599,94.02,Normal,No
15.16,848.42,0.141,30.85,57.55,41.62,0.3493,92.4,Normal,No
27.68,723.24,0.377,35.02,64.42,60.77,0.327,66.36,Overloaded,Yes
21.55,784.48,0.273,22.33,51.96,54.39,0.3105,98.4,Normal,No
38.3,617.04,0.381,32.34,58.63,46.02,0.3364,72.63,Overloaded,Yes
45.91,540.92,0.326,28.85,50.15,48.36,0.4477,46.85,Bearing_Wear,Yes
58.92,410.81,0.204,24.85,62.72,58.31,0.4462,67.78,Bearing_Wear,Yes
19.63,803.7,0.109,23.46,64.07,50.64,0.2593,86.23,Normal,No
10.46,895.43,0.19,22.25,56.72,45.03,0.1482,96.71,Normal,No
21.01,789.89,0.131,30.06,51.55,50.94,0.0958,86.24,Normal,No
16.04,839.56,0.168,30.89,55.45,37.18,0.2002,91.84,Normal,No
72.05,279.45,0.877,47.6,72.65,109.19,0.8333,28.64,Critical,Yes
9.86,901.44,0.219,25.71,64.91,48.22,0.3357,97.52,Normal,No
22.57,774.27,0.254,25.51,53.78,39.26,0.0561,92.86,Normal,No
32.58,674.24,0.379,37.58,67.79,48.23,0.2422,70.6,Overloaded,Yes
30.41,695.92,0.42,30.38,59.3,62.06,0.3515,63.31,Overloaded,Yes
17.85,821.52,0.159,23.54,50.75,42.18,0.1566,88.77,Normal,No
17.37,826.33,0.242,22.94,50.74,51.22,0.053,99.06,Normal,No
15.69,843.1,0.13,22.96,50.14,35.89,0.0913,94.18,Normal,No
4.16,958.36,0.182,27.08,54.47,30.88,0.0612,85.4,Normal,No
18.48,815.22,0.13,29.56,56.48,41.32,0.2039,95.7,Normal,No
6.84,931.62,0.08,26.67,54.9,41.06,0.2441,92.41,Normal,No
15.51,844.93,0.186,28.88,60.59,43.35,0.2537,98.1,Normal,No
10.81,891.93,0.153,29.17,58.74,31.78,0.3176,85.46,Normal,No
18.71,812.9,0.24,31.44,50.81,44.92,0.1784,89.96,Normal,No
2.26,977.42,0.191,25.75,51.57,45.31,0.2714,96.51,Normal,No
22.63,773.66,0.152,31.44,62.98,37.41,0.0978,91.53,Normal,No
31.03,689.72,0.386,31.33,63.75,55.2,0.1762,81.46,Overloaded,Yes
32.39,676.09,0.49,22.12,73.75,42.73,0.4693,41.63,Bearing_Wear,Yes
17.63,823.72,0.263,25.21,63.93,44.76,0.239,97.68,Normal,No
7.42,925.8,0.139,30.87,63.51,54.41,0.3206,86.91,Normal,No
20.59,794.07,0.152,31.89,57.08,43.85,0.2089,89.83,Normal,No
26.13,738.75,0.434,34.84,48.49,60.54,0.3065,70.23,Overloaded,Yes
28.81,711.9,0.429,33.2,58.69,57.19,0.1728,71.85,Overloaded,Yes
4.84,951.57,0.102,27.94,63.67,40.09,0.1123,94.73,Normal,No
44.85,551.53,0.537,43.69,53.78,76.28,0.199,47.19,Overheating_Risk,Yes
9.74,902.61,0.178,31.15,63.11,33.36,0.1018,90.36,Normal,No
7.27,927.31,0.204,30.83,64.43,46.34,0.3014,92.88,Normal,No
28.12,718.75,0.379,30.88,63.56,49.4,0.2421,69.1,Overloaded,Yes
48.38,516.22,0.461,42.55,61.28,68.98,0.3502,66.3,Overheating_Risk,Yes
32.13,678.72,0.442,25.43,46.85,62.83,0.3619,84.81,Overloaded,Yes
47.18,528.24,0.478,34.89,70.33,57.07,0.5147,72.71,Bearing_Wear,Yes
10.8,891.97,0.185,25.35,58.47,41.76,0.0644,98.23,Normal,No
37.78,622.24,0.356,22.51,45.1,47.36,0.6114,43.47,Bearing_Wear,Yes
22.72,772.78,0.104,22.46,52.72,30.35,0.2815,98.13,Normal,No
34.57,654.33,0.397,37.85,51.66,79.32,0.2366,60.61,Overheating_Risk,Yes
10.99,890.14,0.124,25.47,51.07,49.97,0.123,95.88,Normal,No
22.73,772.66,0.484,23.47,71.48,64.28,0.6904,56.73,Bearing_Wear,Yes
18.18,818.15,0.143,22.21,56.65,34.14,0.3446,86.44,Normal,No
33.84,661.62,0.394,30.61,61.55,47.32,0.2888,67.18,Overloaded,Yes
23.5,764.96,0.241,31.67,50.56,37.13,0.1086,85.17,Normal,No
28.63,713.65,0.402,25.7,57.73,62.76,0.3234,69.87,Overloaded,Yes
9.31,906.88,0.164,22.12,59.51,39.1,0.3057,96.35,Normal,No
15.26,847.37,0.141,22.52,61.64,42.16,0.1174,87.93,Normal,No
4.14,958.65,0.244,22.75,57.9,41.29,0.2239,98.16,Normal,No
21.69,783.06,0.163,20.18,56.4,45.15,0.2173,94.77,Normal,No
16.16,838.37,0.512,36.83,61.27,70.09,0.3985,36.68,Overheating_Risk,Yes
10.2,898.03,0.226,22.72,61.93,45.77,0.2263,90.3,Normal,No
76.89,231.14,0.839,44.72,64.92,93.01,0.8011,8.56,Critical,Yes
0.15,998.55,0.125,28.99,61.91,35.06,0.3377,92.54,Normal,No
22.92,770.76,0.227,28.67,51.28,35.5,0.0526,95.74,Normal,No
33.78,662.22,0.425,26.1,69.58,43.92,0.452,51.93,Bearing_Wear,Yes
31.13,688.73,0.352,34.22,47.42,52.02,0.3593,61.67,Overloaded,Yes
23.56,764.41,0.297,21.06,54.37,39.31,0.2829,93.94,Normal,No
16.11,838.91,0.239,21.42,62.5,47.64,0.2232,98.35,Normal,No
35.5,644.95,0.33,28.88,57.35,46.1,0.3887,63.21,Overloaded,Yes
17.44,825.63,0.177,20.31,63.87,51.3,0.2073,88.43,Normal,No
64.26,357.43,0.745,42.55,55.33,108.99,0.9875,35.6,Critical,Yes
82.78,172.19,0.79,48.55,53.57,106.06,0.8458,5.15,Critical,Yes
37.83,621.7,0.388,36.23,68.45,46.07,0.2752,69.37,Overloaded,Yes
15.65,843.54,0.248,23.37,58.35,47.72,0.0903,97.21,Normal,No
34.09,659.08,0.442,27.43,47.7,55.13,0.1715,84.24,Overloaded,Yes
0.97,990.33,0.238,26.3,55.53,31.65,0.2367,93.78,Normal,No
7.02,929.78,0.278,23.65,56.75,43.59,0.0801,98.98,Normal,No
9.36,906.37,0.07,24.65,59,42.84,0.2584,85.83,Normal,No
7.11,928.86,0.255,20.96,62.83,32.3,0.3003,90.41,Normal,No
44.49,555.12,0.204,21.19,51.48,43.84,0.4937,58,Bearing_Wear,Yes
33.83,661.69,0.418,32.5,60.22,53.24,0.2685,70.36,Overloaded,Yes
37.63,623.68,0.335,22.09,61.28,49.05,0.3725,81.48,Overloaded,Yes
1.92,980.82,0.077,25.94,59.14,36.87,0.265,93.92,Normal,No
8.12,918.79,0.056,29,53.22,50.86,0.1761,93.66,Normal,No
21.82,781.76,0.266,24.46,53.13,49.38,0.1799,87.88,Normal,No
91.65,83.45,0.679,40.26,31.01,98.67,1.0308,12.44,Critical,Yes
8,920,0.135,28.16,50.87,53.23,0.1168,100,Normal,No
26.86,731.39,0.42,24.02,47.43,66.25,0.6576,54.12,Bearing_Wear,Yes
17.56,824.4,0.189,30.24,54.73,43.09,0.1956,90.31,Normal,No
22.29,777.14,0.091,21.79,58.65,46.44,0.1084,90.86,Normal,No
39.2,608.02,0.337,32.69,63.5,53.96,0.3844,78.42,Overloaded,Yes
11.45,885.52,0.192,28.31,58.88,51.97,0.1571,89.5,Normal,No
18.55,814.46,0.359,35.43,65.45,75.18,0.3812,56.51,Overheating_Risk,Yes
43.97,560.31,0.47,43.7,47.58,78.9,0.3945,44,Overheating_Risk,Yes
14.1,858.98,0.183,21.65,58.87,37.87,0.0657,99.23,Normal,No
16.04,839.63,0.269,28.11,55.35,42.82,0.2527,99.4,Normal,No
6.34,936.58,0.269,31.09,60.06,53.28,0.1694,99.3,Normal,No
38.11,618.89,0.361,44.07,51.96,71.9,0.3483,40.23,Overheating_Risk,Yes
11.73,882.71,0.258,20.19,54.09,30.06,0.1747,95.92,Normal,No
36.98,630.18,0.442,31.74,51.37,63.48,0.3438,74.36,Overloaded,Yes
35.43,645.65,0.439,33.4,54.21,59.26,0.1601,69.66,Overloaded,Yes
31.09,689.05,0.325,22.37,48.33,58.09,0.3506,84.71,Overloaded,Yes
8.66,913.41,0.2,31.25,52.51,47.94,0.2765,86.33,Normal,No
37.92,620.81,0.422,22.53,47.28,45.98,0.2337,72.73,Overloaded,Yes
31.29,687.06,0.417,44.12,47.89,65.68,0.2551,53.59,Overheating_Risk,Yes
10.21,897.94,0.118,21.58,62.29,54.9,0.1489,90.72,Normal,No
15.45,845.49,0.23,24.7,63.57,44,0.1851,94.7,Normal,No
93.35,66.52,0.918,40.4,46.62,94.12,0.8573,28.01,Critical,Yes
20.66,793.43,0.233,31.87,54.09,51.87,0.28,90.43,Normal,No
49.36,506.35,0.186,34.21,60.97,48.77,0.5967,62.46,Bearing_Wear,Yes
5.24,947.63,0.058,25.2,58.54,51.92,0.3285,92.93,Normal,No
18.85,811.55,0.16,28.95,53.07,39.28,0.2403,85.27,Normal,No
38.9,611.02,0.559,38.99,50.68,77.77,0.4215,45.09,Overheating_Risk,Yes
8.1,919.01,0.22,26.76,52.43,37.75,0.32,95.32,Normal,No
24.65,753.51,0.242,31.3,53.24,49.29,0.0561,95.06,Normal,No
11.73,882.68,0.137,30.35,62.81,30.56,0.2329,90.52,Normal,No
10.39,896.08,0.258,23.72,64.15,34.49,0.2488,95.08,Normal,No
6.3,936.95,0.131,30.02,61.43,38.23,0.2102,85.93,Normal,No
5.22,947.81,0.171,21.03,62.65,47.95,0.3331,95.4,Normal,No
92.91,70.86,0.822,46,78.85,99.26,0.7154,28.95,Critical,Yes
22.64,773.63,0.249,27.01,60.07,54.75,0.0772,95.01,Normal,No
29.25,707.49,0.396,31.72,48.84,49.13,0.3054,63.21,Overloaded,Yes
6.63,933.7,0.259,23.93,57.32,53.53,0.1181,90.84,Normal,No
44.26,557.42,0.414,36.23,72.46,63.3,0.4685,40.87,Bearing_Wear,Yes
9.59,904.06,0.085,28.52,59.92,31.1,0.301,88.73,Normal,No
75.13,248.72,0.867,44.29,52.06,81.97,0.9007,30.59,Critical,Yes
22.88,771.21,0.153,25.08,60.54,53.57,0.1301,91.6,Normal,No
19.9,801.01,0.202,21.33,59.42,34.67,0.2031,92.94,Normal,No
21.91,780.95,0.166,23.35,53.46,51.86,0.1013,91.39,Normal,No
4.68,953.21,0.243,25.69,55.27,39.03,0.3057,93.31,Normal,No
17.95,820.53,0.274,30.82,54.93,53.81,0.0575,90.65,Normal,No
22.39,776.05,0.119,23.28,54.54,45.31,0.1815,95.9,Normal,No
55.8,442.04,0.386,23.68,72.98,47.93,0.445,43.15,Bearing_Wear,Yes
14.08,859.15,0.078,21.67,54.5,37.04,0.2313,97.25,Normal,No
19.03,809.66,0.116,22.94,64.49,30.21,0.3139,88,Normal,No
39.21,607.91,0.351,29.05,62.68,56.75,0.2295,73.85,Overloaded,Yes
35.96,640.39,0.306,22.18,56.45,47.64,0.3161,65.35,Overloaded,Yes
10.82,891.79,0.099,26.58,51.74,30.58,0.0653,99.31,Normal,No
3.56,964.43,0.227,20.82,51.62,42.72,0.1895,99.27,Normal,No
23.62,763.79,0.245,27.23,56.82,38.9,0.3341,94.04,Normal,No
33.69,663.14,0.335,22.75,68.63,51.27,0.2606,62.87,Overloaded,Yes
37.55,624.46,0.304,35.34,48.51,62.73,0.3324,64.12,Overloaded,Yes
14.15,858.55,0.128,22.14,62.89,40.09,0.1696,87.55,Normal,No
35.32,646.77,0.455,26.54,73.55,68.39,0.4435,46.21,Bearing_Wear,Yes
54.51,454.93,0.287,20.08,53.22,57.93,0.6398,44.67,Bearing_Wear,Yes
2.76,972.36,0.281,29.01,58.85,49.23,0.1787,96.38,Normal,No
34.87,651.28,0.235,33.12,57.59,69.44,0.5048,72.26,Bearing_Wear,Yes
23.32,766.76,0.11,29.58,56.5,52.94,0.185,96.16,Normal,No
11.67,883.26,0.107,22.39,56.38,48.89,0.2315,95.33,Normal,No
7.06,929.42,0.17,20.53,62.26,54.75,0.1721,85.16,Normal,No
4.24,957.55,0.213,27.34,61.82,36.35,0.2791,95.32,Normal,No
8.07,919.3,0.186,21.77,56.79,52.03,0.1764,97.59,Normal,No
33.61,663.9,0.398,40.81,52.71,70.98,0.1919,49.58,Overheating_Risk,Yes
1.82,981.81,0.075,24.99,54.58,53.14,0.1627,96.37,Normal,No
13.26,867.44,0.226,23.12,64.13,43.25,0.2994,90.48,Normal,No
2.51,974.95,0.218,20.09,57.13,34.82,0.2382,99.69,Normal,No
28.58,714.24,0.554,40.08,52.35,78.96,0.4615,62.5,Overheating_Risk,Yes
7.41,925.94,0.186,22.69,56.66,42.11,0.2995,98.44,Normal,No
10.37,896.34,0.054,30.34,52.61,45.55,0.0575,90.99,Normal,No
24.65,753.51,0.075,25.08,54.61,52.63,0.3108,88.57,Normal,No
2.03,979.7,0.207,24.04,60.08,30.8,0.09,95.3,Normal,No
67.43,325.67,0.943,40.59,40.77,109.96,0.9165,28.12,Critical,Yes
66.39,336.07,0.844,47.26,45.72,104.87,1.0017,15.56,Critical,Yes
13.94,860.59,0.194,21.99,56.04,38.59,0.1703,96.42,Normal,No
76.89,231.11,0.976,42.94,50.79,103.61,0.973,21.88,Critical,Yes
25.8,742,0.36,26.33,69.98,51.17,0.3711,76.91,Overloaded,Yes
33.64,663.63,0.34,35.13,71.5,44.81,0.5019,51.73,Bearing_Wear,Yes
1.05,989.49,0.2,30.26,55.72,48.5,0.2383,90.63,Normal,No
3.53,964.74,0.227,30.25,60.29,30.45,0.1149,86.04,Normal,No
14.26,857.4,0.239,21.33,62.58,43.89,0.257,99.57,Normal,No
26.26,737.45,0.435,24.02,54.82,62.03,0.3766,72.66,Overloaded,Yes
14.85,851.47,0.227,29.99,51.82,50.25,0.1944,91.76,Normal,No
10.6,894.03,0.177,31.34,58.22,53.83,0.1041,95.86,Normal,No
20.31,796.94,0.22,27.28,58.47,51.52,0.2965,86.83,Normal,No
37.73,622.71,0.362,26.06,66.74,53.64,0.3521,66.59,Overloaded,Yes
0.1,999.02,0.174,21.2,61.32,36.9,0.1831,86.31,Normal,No
29.3,707,0.417,24.43,61.18,63.35,0.32,80.28,Overloaded,Yes
63.81,361.86,0.7,48.95,65.76,99.19,1.0319,16.57,Critical,Yes
1.11,988.86,0.246,28.14,57.09,52.49,0.1508,89.41,Normal,No
38.09,619.08,0.42,30.24,48.27,49.3,0.3141,69.63,Overloaded,Yes
20.91,790.88,0.287,29.67,55.66,49.72,0.1554,87.51,Normal,No
21.34,786.64,0.285,36.26,52.17,46.2,0.6909,40.88,Bearing_Wear,Yes
19.64,803.55,0.13,20.45,63.77,33.49,0.2155,89.11,Normal,No
25.98,740.22,0.307,23.85,46.78,60.21,0.2714,68.57,Overloaded,Yes
36.73,632.65,0.475,36.39,66.47,66.54,0.4959,53.34,Bearing_Wear,Yes
34.55,654.52,0.506,39.82,49.02,79.79,0.4374,50.22,Overheating_Risk,Yes
35.91,640.91,0.34,23.6,53.81,53.06,0.1541,80.37,Overloaded,Yes
8.98,910.2,0.195,20.89,52.62,52.24,0.2326,99.25,Normal,No
39.98,600.19,0.356,26.78,66.46,64.97,0.3074,79.88,Overloaded,Yes
51.27,487.3,0.274,30.34,69.99,60.64,0.4063,51.78,Bearing_Wear,Yes
3.61,963.88,0.108,30.87,50.55,35.5,0.1429,94.25,Normal,No
13.35,866.47,0.105,21.97,53.55,42.56,0.1314,99.21,Normal,No
28.55,714.45,0.365,42.29,46.51,74.8,0.2479,54.98,Overheating_Risk,Yes
36.58,634.18,0.439,26.18,53.37,54.29,0.3818,82.53,Overloaded,Yes
26.35,736.52,0.32,29.93,47.67,51.91,0.1871,75.9,Overloaded,Yes
23.74,762.63,0.299,24.5,58.99,51.41,0.0852,95.34,Normal,No
31.13,688.67,0.331,28.44,46.9,58.91,0.2132,67.79,Overloaded,Yes
3.03,969.73,0.266,25.92,58.58,44.24,0.1731,87.89,Normal,No
36.18,638.23,0.319,23.66,62.75,49.18,0.2267,71.88,Overloaded,Yes
11.23,887.66,0.227,27.48,59.67,47.85,0.1378,89.83,Normal,No
31.57,684.3,0.346,37.76,65.35,48.29,0.1514,61.07,Overloaded,Yes
68.54,314.58,0.646,45.33,72.9,102.1,0.8078,15.97,Critical,Yes
12.7,873.03,0.253,30.07,63.65,42.73,0.2583,86.68,Normal,No
79.79,202.15,0.699,44.32,61.7,87.71,0.7261,0.41,Critical,Yes
0.55,994.46,0.052,21.32,53.59,35.53,0.346,89.59,Normal,No
15.1,849.03,0.486,43.58,58.73,69.44,0.3466,60.02,Overheating_Risk,Yes
49.12,508.76,0.383,35.67,71.1,57.37,0.529,62.45,Bearing_Wear,Yes
20.46,795.45,0.051,31.9,52.74,41.76,0.3116,88.38,Normal,No
32.15,678.48,0.32,28.32,49.43,52.27,0.2434,84.83,Overloaded,Yes
49.79,502.07,0.379,42.26,36.81,65.45,0.1869,68.79,Overheating_Risk,Yes
23.52,764.78,0.098,21.94,53.61,42.89,0.2209,88.32,Normal,No
18.92,810.84,0.127,31.07,59.85,40.91,0.287,97.27,Normal,No
29.36,706.43,0.351,36.98,49.12,45.84,0.2635,80.03,Overloaded,Yes
50.87,491.33,0.472,29.6,48,57.66,0.6335,43.27,Bearing_Wear,Yes
26.91,730.94,0.154,30.69,71.6,60.12,0.6946,42.21,Bearing_Wear,Yes
56.12,438.8,0.435,25.66,74.21,48.64,0.6668,70.83,Bearing_Wear,Yes
18.94,810.59,0.191,21.44,57.98,38.92,0.2877,96.37,Normal,No
56.42,435.75,0.155,34.56,73.15,63.68,0.4391,42.84,Bearing_Wear,Yes
0.52,994.79,0.207,27.56,64.8,39.95,0.1496,94.37,Normal,No
20.64,793.6,0.284,29.64,56.4,45.87,0.3069,92.36,Normal,No
5.42,945.83,0.092,20,60.77,32.78,0.1232,89.47,Normal,No
14.01,859.91,0.149,28.1,50.83,33.1,0.1998,90.05,Normal,No
7.4,926.05,0.067,30.75,60.38,33.04,0.0695,99.62,Normal,No
17.03,829.71,0.154,28.42,61.34,49.5,0.1934,91.45,Normal,No
25.17,748.35,0.439,31.65,50.08,63.39,0.3787,84.73,Overloaded,Yes
21.85,781.49,0.299,22.94,62.63,50.58,0.1193,86.48,Normal,No
24.49,755.14,0.124,30.45,50.06,30.53,0.1898,88.58,Normal,No
17.25,827.54,0.191,20.93,52.44,39.7,0.1057,96.88,Normal,No
10.4,895.98,0.073,25.81,51.36,33.22,0.1219,97.89,Normal,No
23.12,768.85,0.257,24.01,54.09,43.73,0.2666,99.9,Normal,No
3.29,967.11,0.062,28.33,62.48,51.16,0.2535,99.31,Normal,No
32.67,673.35,0.437,37.48,66.18,51.2,0.1991,73.7,Overloaded,Yes
31.8,682.05,0.432,23.6,51.44,60.04,0.1737,68.02,Overloaded,Yes
30.81,691.93,0.393,24.53,66.52,53.95,0.3793,71.7,Overloaded,Yes
6.88,931.24,0.085,20.04,57.98,32.68,0.1675,93.84,Normal,No
6.89,931.08,0.094,29.3,64.2,32.51,0.0967,99.4,Normal,No
21.51,784.89,0.492,20.08,71.21,49.22,0.6816,51.09,Bearing_Wear,Yes
